3,0.0,0.0,-0.26045355396068387,-0.1026793932659567,-0.4497959762084817,-0.3704427071261981,-0.4491744353752488,-0.5928491680782562,-0.362841181947371,-0.6975974062954021,-0.28513652575494103,-0.7153461517576772,-0.3419217571077227,-0.9432954245959587,-0.3338850341496492,-0.7011448112001843,-0.30714924264196575,-0.5122610286083604,-0.13394277798158818,-0.7438333958008579,-0.18917117735170363,-1.0,-0.1920200937939949,-0.6831300600350436,-0.1633486919565226,-0.5032610696647547,0.02649223438168408,-0.7288250984360163,-0.01861748552099902,-0.9700362488229397,-0.04126803335898254,-0.6570138227608704,-0.027181452045469293,-0.48091857722376663,0.197439405397459,-0.670628123100314,0.16621124971690954,-0.8924790645499225,0.10124639266600359,-0.7000484068132424,0.07616318724761906,-0.5546762570871945
3,0.0,0.0,-0.26999620086868176,-0.07659293590799043,-0.4906637357221625,-0.32170684537822064,-0.5004079800772876,-0.5479124899991157,-0.3892923105295588,-0.6541399526000736,-0.367798500430642,-0.6780415289204802,-0.4398607410637385,-0.9024350647447776,-0.3965825530917857,-0.6582567418300769,-0.34729947144276213,-0.4746248113621247,-0.21769191767046697,-0.7445543288151412,-0.28943246291939734,-1.0,-0.2514721471056988,-0.6755799731469011,-0.2063825666629027,-0.5002587238383183,-0.05570188137098498,-0.7571054630779007,-0.11019799113605487,-0.9891408922892221,-0.09479177777855922,-0.6667388202062732,-0.06886859993870856,-0.4937766269678934,0.1198175948099464,-0.7221347653596848,0.07818304884130402,-0.9450786532190182,0.04064184871434505,-0.738090335450141,0.02629019710810176,-0.59081219749075
3,0.0,0.0,-0.2903313280668353,-0.06376437713022691,-0.5276809192513328,-0.3008548287355648,-0.6002980796567963,-0.5475429861950787,-0.5883520769332033,-0.7141458128907144,-0.4306274773135329,-0.6915219873157122,-0.5369738526228687,-0.8945589538394142,-0.4893167841690884,-0.6479362035415558,-0.42601011888892454,-0.4801561862176463,-0.27699794679590645,-0.761923462834904,-0.3827526154567771,-0.9808287184178823,-0.3266403231141442,-0.6354001535478061,-0.2607678441246392,-0.507320623970494,-0.10514028384219092,-0.7952545652262895,-0.1981144207718764,-1.0,-0.16665979868422362,-0.6551311296051896,-0.11057350326842214,-0.5276003011218504,0.09272094345613102,-0.7868281038947822,0.007296009858919656,-0.9975075446400421,-0.01490591878117557,-0.7614217774596688,0.00982282817801368,-0.6356586017193372
3,0.0,0.0,-0.2769915191722931,-0.07818765919505624,-0.5168025475113488,-0.3056069569058826,-0.6122908553813751,-0.5274399078317623,-0.6341363285593525,-0.7008194126701206,-0.4112011963352472,-0.7040251370963491,-0.5191587668175379,-0.911678798934744,-0.4748044757708367,-0.654712145775748,-0.41252244732217636,-0.4817067745941633,-0.25586712133504497,-0.7694197400335842,-0.3576889277354497,-0.9975463079297092,-0.31054934199609163,-0.6566533737429291,-0.2526222125787556,-0.5162546641205684,-0.08476225988442157,-0.795214742678875,-0.170464664798276,-0.996321693030795,-0.14318400431501746,-0.6630465551674928,-0.09759045653788455,-0.5246095720764377,0.1054270436580371,-0.7799550258714191,0.030787448854688048,-1.0,0.004133458760375132,-0.7759321478005041,0.01759934203792541,-0.6395862971421655
3,0.0,0.0,-0.26181919306251394,-0.10704968516334858,-0.46914166425873377,-0.3481377445747279,-0.48912663655811217,-0.5762992596396816,-0.40049358270995133,-0.7117922223813764,-0.32268440481535254,-0.7115854059197484,-0.3972910548890477,-0.9178893971131749,-0.3747332830577109,-0.6756337766404209,-0.33165579912258686,-0.5093516231758706,-0.16927662763661777,-0.7566430767141298,-0.24344270159896825,-1.0,-0.22824330688593655,-0.6835984442233393,-0.18448427026437042,-0.5318633441500152,-0.004292077355542585,-0.7549642824053009,-0.06250008591577834,-0.9675100892616824,-0.06464220683405718,-0.6533622761825242,-0.03675738181494264,-0.5094013855946871,0.17442415121396934,-0.7062357396991106,0.12413579036880001,-0.9194714158892778,0.08469481203414747,-0.7110079831566584,0.08522556534644128,-0.5812267013592288
3,0.0,0.0,-0.25200703329563473,-0.1575405530089239,-0.406176116159702,-0.4492094952235448,-0.3724155835744499,-0.6696407964079366,-0.27540437744987323,-0.7630513767042253,-0.20484089322964336,-0.7420611277588217,-0.238882175831842,-0.9565777423691844,-0.2510072558648075,-0.7288872831219841,-0.2365812881074238,-0.5535468222693218,-0.045258933572570034,-0.7495302308489655,-0.07485294928853335,-1.0,-0.10791050907964217,-0.6945201054610132,-0.08956103925258473,-0.5240253953896072,0.11746520332695631,-0.7087159570021606,0.09451930959097495,-0.9265993763123279,0.04087506185145168,-0.630009487319732,0.04264765653322854,-0.47105530446008315,0.2898782346285249,-0.6202488273952738,0.2816693840597111,-0.840323908128056,0.20408358172254268,-0.6629342877553199,0.17286009071271807,-0.535959329394417
3,0.0,0.0,-0.24266188288859147,-0.17163496710501472,-0.3963985714296876,-0.4465942536845222,-0.3926672349486658,-0.6657440548509328,-0.32097319985217376,-0.7870080629891893,-0.19859411408821082,-0.7606484509106706,-0.21301732999656478,-0.9687173390859515,-0.22953449057633743,-0.7444865968007963,-0.22718140722978672,-0.5773868820616916,-0.0379083419995036,-0.7660378842512181,-0.049577004945511864,-1.0,-0.08933747225979081,-0.6981214138918644,-0.08548594231286606,-0.551063210824548,0.12099301940310597,-0.7161075912526242,0.12189362396451962,-0.9179147644715928,0.05829317986073185,-0.631786340553015,0.044999105385578816,-0.49593725249977666,0.2834688016568207,-0.6146536279544739,0.28386688554118183,-0.8044740096930887,0.20643325434161458,-0.6229063483245708,0.17036648980126537,-0.5148808105336876
3,0.0,0.0,-0.23863075865906716,-0.16858793232100097,-0.39054740459849585,-0.46469172097905637,-0.37658774156014974,-0.7018277471670433,-0.29023973685541804,-0.8156190321363529,-0.18943922633300733,-0.7777506976999089,-0.20416548978112037,-0.9892314972513575,-0.22541859359718053,-0.7563589365662203,-0.22556443079491417,-0.590601655509089,-0.02583755606893528,-0.7748509483238339,-0.0401426437978483,-1.0,-0.08567678472058278,-0.6891134310394254,-0.0828392170584466,-0.5540888692624195,0.13857642870392228,-0.7219310162389126,0.13821638077130619,-0.9349326329634751,0.07460317000269806,-0.6415395454622104,0.06681069462244106,-0.5150345371994199,0.30522434424639977,-0.6218411162355402,0.30973805162557755,-0.8157572942312232,0.22856324934234934,-0.6314418674749587,0.197041204343867,-0.5311799138308995
3,0.0,0.0,-0.25399966392043155,-0.17557951267405725,-0.4052618910605477,-0.47213009978286935,-0.37934479280113337,-0.7013269858682769,-0.29604514668869153,-0.8135123009877886,-0.20704099906521264,-0.7615031951338215,-0.2297755136442492,-0.9725401591305051,-0.24675070241158228,-0.739835376496307,-0.23921612611227278,-0.5825013250306884,-0.047479825978422215,-0.7655761122463485,-0.06234460943696632,-1.0,-0.10507295198870857,-0.696850416585421,-0.09672803289352355,-0.5573784525438211,0.11356635906931324,-0.7187839679477322,0.10924184465408905,-0.9402009555016912,0.04714691697196536,-0.6443205459284964,0.04327275446269807,-0.5043662601477799,0.28212849336480644,-0.6241991028366489,0.2870567356211052,-0.8310336190538092,0.2011815363380749,-0.6451356445673213,0.1627639690997031,-0.5287484100952806
3,0.0,0.0,-0.2519369869835312,-0.13694904236925817,-0.42363525152409787,-0.4169186894397332,-0.4062328122700602,-0.6366598107545061,-0.30741449812700383,-0.7335213652680745,-0.2342307394551119,-0.7540744553455541,-0.28548325113910666,-0.9744369329313244,-0.30858746588608305,-0.7566409936120754,-0.29221306473222536,-0.6004665925977072,-0.07776375907641168,-0.7591587105305555,-0.12198474123639366,-1.0,-0.16459712972320387,-0.7102424398398939,-0.1415329484816212,-0.55972545663653,0.08469443764432812,-0.7195207975455415,0.05633258218202133,-0.9521939965085762,-0.007704427189585151,-0.6694764747359986,-0.0027451546555688766,-0.5195778487779668,0.26188301149603255,-0.635640978965671,0.245395763283417,-0.8680866704468339,0.1642518930477703,-0.6990111584678187,0.13856168123983906,-0.5747894928089642
3,0.0,0.0,-0.2620364634356432,-0.12119079147432958,-0.43378624990648795,-0.40796891697204807,-0.40934615350129977,-0.6201178241524523,-0.325256561807921,-0.7304167978230874,-0.26861409910476886,-0.7223779444488134,-0.3403238935616964,-0.9477708952454951,-0.33772273577133355,-0.6980875357630107,-0.3002025198870094,-0.5202515438128836,-0.12402370171912273,-0.7463288693265907,-0.18880802649233078,-1.0,-0.19783104068829793,-0.6806892643789701,-0.15431099605165274,-0.5176814597420457,0.033479674125659796,-0.7341509828227353,-0.02128960453353248,-0.9757197895173012,-0.05121003733158335,-0.6556802588180748,-0.02136434572675099,-0.48947870550169786,0.2067498826351089,-0.6828225368242399,0.16834317596821502,-0.9188949227116515,0.10329356102567093,-0.7202207164928968,0.0979067195686475,-0.5729705045379608
3,0.0,0.0,-0.2667743575153814,-0.11145865035906405,-0.4550710531532474,-0.38042880976416626,-0.4631608205772572,-0.5897700078735497,-0.4145790138308371,-0.7142700732969806,-0.3026117901773075,-0.72212887775079,-0.3829592047873277,-0.9309932668644137,-0.3718589259987615,-0.6838119005048456,-0.3282554323668833,-0.5152253311807107,-0.15977070172710278,-0.7567986795973776,-0.2380109237492153,-1.0,-0.23699915159694152,-0.6737457184515917,-0.19011036130063846,-0.5204437713689841,-0.0004977555181167092,-0.7548332894535845,-0.06685564931497637,-0.98362319576544,-0.08716027100665748,-0.6533958963695612,-0.05262152273086978,-0.4974793547561594,0.17764442437681857,-0.7116953047198785,0.12778508647571937,-0.9347181648862007,0.07018904029718154,-0.7207324888623413,0.07172695601760859,-0.5798246817420534
3,0.0,0.0,-0.2791740108271524,-0.10270141736963756,-0.48160701733490874,-0.3870411998359286,-0.5239730373073149,-0.618844610272048,-0.5230593189256998,-0.7632463424828541,-0.33058893163822595,-0.7407839250124807,-0.42394800640479435,-0.9353026999981634,-0.4070463034129406,-0.6796958613162777,-0.3543906902295719,-0.5124398993977557,-0.18644655241406985,-0.7742266856413615,-0.28369042603458744,-1.0,-0.2693762004119594,-0.6567798543950035,-0.20966894092150454,-0.5087267271044463,-0.025070556813052692,-0.7759725876137243,-0.109521677401617,-0.9977744897953504,-0.1171524155168777,-0.6528514358193189,-0.06922762899610915,-0.4972808286383579,0.15927877051100886,-0.7405814794139958,0.09390192116003136,-0.9721144058339952,0.040407863181838165,-0.7512028468720973,0.049735944153398944,-0.6097244012758386
3,0.0,0.0,-0.24951056078798892,-0.12334735046080512,-0.43284329210507133,-0.3804944107716688,-0.44264599933931453,-0.6001711477472661,-0.36990163930119707,-0.7265210050037402,-0.28539602708679085,-0.7162290227437361,-0.3465383299368671,-0.927419957561138,-0.33409183002651277,-0.6812907140854071,-0.2991306666421482,-0.518927325254932,-0.1353908716385328,-0.748583959266048,-0.1938374989574173,-1.0,-0.19553689232205987,-0.6862922213151844,-0.15959153087916483,-0.5385039742923737,0.023268344037182274,-0.7320785125513821,-0.019913165175964972,-0.9518030605630537,-0.04552149165178592,-0.6468114701827918,-0.026878865354796635,-0.503257914926566,0.19596009880071796,-0.666693899692709,0.1649300796434663,-0.8854002302547973,0.1069547325373146,-0.6929353283495144,0.09509378646987084,-0.5642427303253974
3,0.0,0.0,-0.24360820412549875,-0.13206254312967086,-0.42348203592145733,-0.4019465283381889,-0.4199779328471764,-0.6228951111364505,-0.32627450681594944,-0.7355340144575452,-0.2447683126299966,-0.7587026857740168,-0.29362318661614967,-0.9746703293743914,-0.2974693712831961,-0.7319345384046361,-0.2788845144891391,-0.5616513397735929,-0.08500885221510311,-0.7741299875896896,-0.13640713699908003,-1.0,-0.15652702582518974,-0.686881972260651,-0.13620548751947362,-0.5328291264347492,0.07857419761570181,-0.736593101170631,0.041550433585791476,-0.9406108783785648,0.002395359355793626,-0.6418747279866751,0.008886896186250028,-0.4969251410134154,0.25081477556018816,-0.649838503069867,0.22701856055376232,-0.8526587319676431,0.15805680314767612,-0.6704577206725135,0.13274880819902843,-0.5511484890279694
3,0.0,0.0,-0.24809302377972978,-0.14517890094271033,-0.41666649599711636,-0.42664938466800334,-0.41906640854603877,-0.6552117104570598,-0.35614835348258045,-0.7856130817186288,-0.23336637495827128,-0.7427236530588421,-0.2736929443159872,-0.9515362691568037,-0.27861129941651497,-0.7140063678515912,-0.2570501031185423,-0.5513910763036253,-0.07683253016242962,-0.7602726855672953,-0.11081928040256168,-1.0,-0.1371224448208277,-0.6924594437947623,-0.11629482891742939,-0.5427081775973687,0.08421748693865931,-0.7265205632914373,0.0608408359667645,-0.9316735975571043,0.018454967815136204,-0.6370448755102166,0.025789235734926978,-0.4976775287595259,0.2548724023241097,-0.646868657492837,0.24937266140048703,-0.8529348591873809,0.17817145838496087,-0.6702983013600998,0.1485507339132002,-0.5500845582286958
3,0.0,0.0,-0.2471835729670982,-0.15381842517392003,-0.4083640251043791,-0.43808052071093223,-0.4114417787517635,-0.6599426571058205,-0.3535334775998113,-0.7916346336017082,-0.22368436155763946,-0.7542006681449274,-0.2525362384727718,-0.9659039218273272,-0.26249857003882143,-0.7438567126665994,-0.24979845124403074,-0.5754695141304669,-0.06362866174850301,-0.7672078658633864,-0.08112790436883932,-1.0,-0.11624285003289395,-0.704900378618898,-0.10594106793047506,-0.5634525524371762,0.09743429820084767,-0.7254775038571872,0.09478975669315336,-0.9210141033185804,0.0386943948230182,-0.6388718325312008,0.03258273752154937,-0.5101238672031326,0.26467572220616536,-0.6345136590794571,0.2732326614869507,-0.8270616880416038,0.19418956635838833,-0.6530386046313074,0.15543906933805984,-0.5462754782970262
3,0.0,0.0,-0.24548279317735922,-0.15700003226216233,-0.4016233412711695,-0.4616189909202177,-0.375855325373989,-0.6905514208457929,-0.2839259321244432,-0.7941977761288228,-0.20893770277273122,-0.767826483000865,-0.22582845704192267,-0.9785829651750122,-0.239148571290305,-0.7394072987093119,-0.2333165553286002,-0.5755530692406495,-0.04249090610299292,-0.7714335439783683,-0.05799766401780871,-1.0,-0.09623525770410354,-0.687300125822433,-0.08802163883719101,-0.5546285364874974,0.12320629938883366,-0.7219450252753878,0.12061285001925648,-0.9285128453815706,0.061394138771658495,-0.6365494760423199,0.0574412677416688,-0.514452818603976,0.2928552416940055,-0.6264357922478057,0.2897679039878049,-0.8211628316701517,0.2137534606210063,-0.638192325839774,0.18725878992694636,-0.5370075987474215
3,0.0,0.0,-0.24439284271074527,-0.12396652674607098,-0.42065313931446907,-0.43362370028814773,-0.4060531848568525,-0.6831385359781513,-0.30782712302239096,-0.7931767059064121,-0.23200435954929222,-0.7723583063591305,-0.2704390012557974,-0.974402435257603,-0.2849384282625899,-0.73337891992405,-0.26918559104769896,-0.5880215309110638,-0.06758269543272492,-0.7738420146125535,-0.09924605738101588,-1.0,-0.14020330151776558,-0.6986889920717262,-0.12887592671257067,-0.5683706688483864,0.09953053149977276,-0.7289228218400263,0.0802795246669564,-0.9289850480668426,0.017774393854616353,-0.6349933138635445,0.012844172239331193,-0.4935251966485368,0.2773797718875647,-0.6461245407798623,0.28680044067627125,-0.8746169380266833,0.20479696306305817,-0.7037774316933876,0.16159867293155156,-0.5780498178503597
3,0.0,0.0,-0.251992705704169,-0.11785207214200309,-0.43922985794032005,-0.39700803674505647,-0.4418446361133566,-0.6252923582664978,-0.3522320034345487,-0.7355567806105113,-0.2618516513383725,-0.7451935133614767,-0.3208479357961333,-0.9568295852419881,-0.3308642707777973,-0.7107638382455016,-0.2987584919518559,-0.5647927720658904,-0.11526228948488088,-0.7568799470864156,-0.16988820412162323,-1.0,-0.19658904597609275,-0.6953509439103369,-0.16095697667423947,-0.5675319784665004,0.04034441074169936,-0.7290154403619351,0.0018482947976640454,-0.9558151381084657,-0.046627349544161444,-0.6572319581130088,-0.027382999698131075,-0.5236410885629583,0.21021022876939935,-0.6641227549013872,0.1844512509157011,-0.8917395450761169,0.11555248467788608,-0.7071345442699428,0.10489697864641316,-0.5838714922844885
3,0.0,0.0,-0.2690928540913629,-0.10272538739583177,-0.4622412131359343,-0.38439270082574584,-0.4606253605657125,-0.601945673038724,-0.39230485118495856,-0.7030562154331913,-0.3061584335816367,-0.7261839509826388,-0.38728168861631435,-0.9464110109427736,-0.36940568982769995,-0.6921426613866221,-0.3239620313509368,-0.5177144998946371,-0.15949498345859814,-0.7582712766876203,-0.23864642623962637,-1.0,-0.2314162560583676,-0.6749628926783714,-0.18268590796923634,-0.5133970673412964,0.004309228064074471,-0.7567638097387576,-0.06409203076366811,-0.9966282427883979,-0.08056232705800258,-0.6649152720954092,-0.04556039252579664,-0.4936855659715785,0.18829274078304797,-0.7193873232868163,0.13944321169194418,-0.9471366044584059,0.07776301289572987,-0.7375672480243014,0.07315381718900955,-0.5906272202499462
3,0.0,0.0,-0.2671295725943831,-0.10740720286721298,-0.4583805231162674,-0.397558875714927,-0.4884882418495846,-0.6199689602388022,-0.47330552216043537,-0.7592518171429542,-0.305558694460847,-0.7380477802747415,-0.39916481518456054,-0.9364902696296045,-0.38497063825508965,-0.680869764695387,-0.3351705841620751,-0.5128792352210663,-0.16206819401550004,-0.7650951371512806,-0.2564188725146596,-1.0,-0.24997953811362647,-0.6630414434621795,-0.19475141994163053,-0.5060257069263131,-0.001194577670913393,-0.7604531918418671,-0.0827917659669976,-0.9825970594357617,-0.09691839743072342,-0.6460385363166622,-0.053419967119377056,-0.48656100120222434,0.18064447153815327,-0.7212375971939603,0.12303569430932991,-0.9505542409914598,0.06679198687040758,-0.7424572105846718,0.07303718115920481,-0.6033162416400095
3,0.0,0.0,-0.2400902051427633,-0.16582384350032434,-0.40349641796859453,-0.4528418362922423,-0.40008387375497423,-0.6904178056970365,-0.31153498724365064,-0.8124633447704239,-0.19091440580505495,-0.7709499216747759,-0.20794206964684722,-0.995503515343599,-0.2356268666984554,-0.7697598210974388,-0.2335549319059507,-0.6038325192412772,-0.026816010450743673,-0.7661591408290955,-0.038324797030521135,-1.0,-0.09008521014698467,-0.6925975480501461,-0.08151068705046685,-0.5474859355943399,0.13174347494080468,-0.7067486742174133,0.14186157034759636,-0.9253788486837856,0.06553249949852351,-0.6508935507092235,0.05432631213530929,-0.5132496546336032,0.287606585170477,-0.5977464002422902,0.27701403106175687,-0.7971938799044862,0.19991436020430192,-0.6218963481704477,0.17781697333832042,-0.5051344339193689
3,0.0,0.0,-0.23394783473981454,-0.13776723048156841,-0.39840953763246134,-0.4501784550597091,-0.3928558241150561,-0.6955162607020421,-0.27991565523649437,-0.7705054447665176,-0.18397172242497245,-0.7716994509550096,-0.20075031653860825,-0.9868733042799599,-0.22947287925433624,-0.7633571605273867,-0.22982876858636447,-0.6075393844349583,-0.017916709041945665,-0.7746881526029259,-0.03361578898484711,-1.0,-0.09174925277732934,-0.6950818589571762,-0.0875838101103572,-0.5550320974622596,0.14336996699832175,-0.7260172618928347,0.13401678199673828,-0.8995983768724359,0.054299209923162436,-0.614223651492599,0.047091694810783194,-0.4784150725685317,0.3040783228740433,-0.635592386236711,0.28180121337594427,-0.8310902475611058,0.20000854436852392,-0.6628040575920684,0.18128667351980474,-0.5465441873026399
3,0.0,0.0,-0.23941634636590597,-0.16674205760187993,-0.3978667507502294,-0.4548142162799122,-0.3896707543948065,-0.6899589017124477,-0.29353510182963993,-0.7969809631456632,-0.1973021475092079,-0.7899925714095557,-0.2064466145505475,-0.9819018102555038,-0.22717201495233164,-0.760304211597028,-0.22950561218557078,-0.6106966894248176,-0.0275153927201332,-0.7897781659163212,-0.03084478294939208,-1.0,-0.08663247229082621,-0.6889428638778811,-0.09075849691690088,-0.5636796967930531,0.1344520462407296,-0.7294854306121444,0.15110545042931078,-0.919962094070426,0.07252181982372059,-0.6373353541056342,0.05853111802500465,-0.5230980322143463,0.29440158091944213,-0.6136886235015498,0.2901220751111347,-0.7920389449959124,0.2103396970030933,-0.6132753757347137,0.18871985432826424,-0.5210853156720736
3,0.0,0.0,-0.247755066447441,-0.12557666838491435,-0.4345144067248617,-0.4023050816130077,-0.49093256894556836,-0.6313230305155433,-0.467897953838917,-0.8117488976612344,-0.30948209272705063,-0.7740127695057857,-0.3953906256933862,-0.9299336730100952,-0.3845166396485251,-0.6763107367563326,-0.3386804224156233,-0.5320145606345842,-0.16790501184999204,-0.8068526666250606,-0.26563303667615856,-0.9999112465673201,-0.2601013028863039,-0.6677182774452028,-0.19864518589406474,-0.5326087859981458,-0.0033469905612837523,-0.8060907958886593,-0.09183824841860401,-1.0,-0.10673346935618683,-0.6818793807039049,-0.05913725746539637,-0.5468117301608254,0.18214768373968082,-0.7670761956672265,0.11549216525551056,-0.9805010117186933,0.06292040775299272,-0.7788889957999904,0.07592475793910021,-0.6549289077960311
3,0.0,0.0,-0.2472720071715879,-0.10037298787061899,-0.46361348945590614,-0.38000387538301345,-0.5405804415239482,-0.629854360835067,-0.5201385059049907,-0.8350886831008458,-0.3504530152396243,-0.7591012234428023,-0.46543066080958595,-0.9170000844634759,-0.4670868547150138,-0.6561263346471308,-0.43194323486595504,-0.48749947653938236,-0.19573970486048267,-0.7965675179023531,-0.3230820225524578,-0.9694785906381819,-0.297482633528593,-0.6229868414421819,-0.22408401489680196,-0.4864890378474448,-0.017713481435424835,-0.8037806987471724,-0.13581698539207732,-0.9938222420013443,-0.12792142483495908,-0.6559676284856266,-0.06768548072848683,-0.5202619361441927,0.17949510715150122,-0.7756269638645377,0.09116178446482451,-1.0,0.04716199171974025,-0.7781080607256903,0.06730248500063525,-0.6502983548076398
3,0.0,0.0,-0.25696148480149883,-0.08444235710577201,-0.4702271116113343,-0.3343521072307848,-0.5311528494401271,-0.5665758374097659,-0.4781622043234651,-0.7192155741236121,-0.36170186564260093,-0.746975098634493,-0.47997219811258485,-0.9255554290454427,-0.4816179476847688,-0.6708018115560092,-0.4459625970740322,-0.5213846111190942,-0.2075638050782848,-0.7843162395026905,-0.3397376849559475,-0.9746390462407285,-0.31110760979908864,-0.6130514619213083,-0.2320053712221895,-0.4882158644713581,-0.03152700818110719,-0.7957484532965869,-0.16152306885323056,-1.0,-0.14357154186756793,-0.6393862698871668,-0.07169963771976108,-0.5054247739671649,0.16565443720459438,-0.7722464710363698,0.0611012412893917,-0.9950334068796512,0.02325244927253323,-0.757439017473361,0.054852501796904915,-0.6322849241682902
3,0.0,0.0,-0.2647921508528303,-0.1052067314469408,-0.482280002813713,-0.3809739617551897,-0.5572711543535676,-0.619268901714947,-0.5341892544522421,-0.8076419833785187,-0.3526575686238747,-0.7691697405739919,-0.4751848306392217,-0.9218527354878998,-0.4645253902845159,-0.6508950915999823,-0.41945704792014615,-0.5016455494539256,-0.20758904553683113,-0.8005235952913125,-0.34664812266676603,-0.9784086451054322,-0.31576227016593955,-0.6252355303001025,-0.23396169680240422,-0.5004732153705468,-0.04237487943712394,-0.8057196501987532,-0.1746762492315811,-1.0,-0.15873435462960053,-0.652226878688654,-0.08923223725495048,-0.518857854944197,0.14233175622679972,-0.7756088894424872,0.03694096568743708,-0.9908209563788292,-0.0015417034251951319,-0.758833654787997,0.027459976183531937,-0.6265776046794382
3,0.0,0.0,-0.2350414369102354,-0.16442176637421457,-0.4039917429209933,-0.4437485327167941,-0.39787585676851706,-0.671239517562277,-0.2980884109518518,-0.7940422224582825,-0.2185581813380557,-0.7784047214134936,-0.2602443757057528,-1.0,-0.2928998644355193,-0.7858237715030875,-0.28860722231342734,-0.6175194863534753,-0.05390424705436132,-0.7700560672847377,-0.09137372340117329,-0.9885513115388983,-0.14774936654990561,-0.7215429642167713,-0.1398098367665124,-0.5775555702815752,0.1091824539402111,-0.710949420895578,0.08242613467403752,-0.9172482574919273,0.011374229561848005,-0.6680950609707162,0.0016832506437731082,-0.5270505917584388,0.27780109150885496,-0.6039483862631989,0.2660554998519813,-0.8294764666921302,0.18108004697970262,-0.6805055879139487,0.14101423277197228,-0.5562212974429895
3,0.0,0.0,-0.2427334201941288,-0.16438194015311797,-0.4188956885931977,-0.4686229569623456,-0.41215734609735033,-0.7354339108394736,-0.3196525059633226,-0.9026857688518626,-0.2211192732259522,-0.7790277013951804,-0.266547122924115,-0.9980019342780787,-0.2941465236359193,-0.7787087631792997,-0.27503771855405645,-0.6395912014349984,-0.053997357876363374,-0.7760799231549605,-0.0908299212972276,-1.0,-0.14414521171480452,-0.726444850946362,-0.124231761682526,-0.6186386046630609,0.10980996740451433,-0.7264633953952029,0.08677065981477779,-0.9169747270069714,0.017070362439415714,-0.658082778868561,0.019442868202826556,-0.5533329471002499,0.2802823780322722,-0.6335192754091994,0.27818948573152624,-0.8489678929172503,0.1981943888311914,-0.6843940637509488,0.17074768390026848,-0.5737990480121699
3,0.0,0.0,-0.2544912289702179,-0.1696065803905047,-0.4223092204182598,-0.47528350417298554,-0.4162708218518257,-0.7104947392994939,-0.3512659908738694,-0.8436867059622482,-0.2128725287714599,-0.7705658579280507,-0.24568366564605942,-0.9945256041831683,-0.26621357301409754,-0.7814735817147809,-0.2614950458185029,-0.6174672564890437,-0.05010678935718326,-0.764982703570208,-0.0736148281615052,-1.0,-0.11926426628340131,-0.7238069401811182,-0.11497610939541651,-0.5898385709736603,0.11304501372857961,-0.7131717928926455,0.10586047244347471,-0.9291741579860638,0.03974046157150715,-0.6540675176131834,0.024686180760193053,-0.5167257551366549,0.2794696780669455,-0.6149546038351927,0.2795362675726985,-0.823624933183779,0.19830471409653197,-0.6488110923088602,0.1594229203151627,-0.5292045507838259
3,0.0,0.0,-0.22637352930227392,-0.14550416215264655,-0.3874439467542276,-0.4428339864860175,-0.3889384475893082,-0.6798947804782327,-0.30429680031952006,-0.7985501714013138,-0.18573466584473117,-0.7598852150671629,-0.2059420384042421,-0.9906929686026108,-0.2274515940353731,-0.7579653184442704,-0.22341039714753888,-0.6016319247487344,-0.024286932045830687,-0.7527779127339219,-0.03463435963800345,-1.0,-0.08374870731293343,-0.693374690906613,-0.0796239708191866,-0.5627685933987306,0.13637525183342303,-0.6985219673198614,0.14118975794336092,-0.9161166450140926,0.06859611187492784,-0.6299091980008543,0.05469862960974259,-0.5024623361939129,0.29748907959418935,-0.6029116455093991,0.3036394622421803,-0.8124405868720411,0.22381938787678793,-0.6385086035067705,0.19093229316849195,-0.5310314932956942
3,0.0,0.0,-0.238954187652947,-0.15894199414548896,-0.391637181810016,-0.48343701674698125,-0.35973738890559825,-0.719534994208397,-0.24156828035552713,-0.7810414745130343,-0.19065575468766185,-0.7988165787884924,-0.20054413840006535,-0.9943260755465405,-0.21928934010152284,-0.7459686154891972,-0.2155837156584228,-0.6027456048133057,-0.019848250923354606,-0.7987906644553937,-0.02912270280234719,-1.0,-0.07904497545180295,-0.6815189179326246,-0.07320786581383056,-0.5714830290850832,0.1455098566793411,-0.7418794088402303,0.1475669790053215,-0.9104605333783182,0.07369460459203235,-0.6203351774865788,0.06580713288888791,-0.5174433820332924,0.31092843105926715,-0.6377672611210202,0.3056168691041371,-0.8114548863697181,0.22277801024868057,-0.6299590346973516,0.19630295107292536,-0.5374612654269308
3,0.0,0.0,-0.23807823888724539,-0.1519259931087084,-0.4078389886211308,-0.4651056385779377,-0.3974044796835955,-0.7104132613186417,-0.30620707671000646,-0.8391204693250405,-0.19010393286090002,-0.7951364051041286,-0.22002198248918356,-1.0,-0.24796549017958167,-0.7664554304090494,-0.2361356365414641,-0.6418428521432538,-0.0230672667934253,-0.7787939804775086,-0.04854116886832378,-0.9974486627860062,-0.10232315739227253,-0.7059549616695682,-0.08524053921042601,-0.6160050204884044,0.14162093040421306,-0.7224116417476176,0.1301582522395529,-0.921849206304382,0.05826508679941202,-0.645721954555024,0.06534749659489542,-0.5549928690965555,0.3138351861218058,-0.6273657775969599,0.31501487365781494,-0.8317318419361521,0.22866605656852318,-0.6561128386838317,0.20259620844582787,-0.5620333419479348
3,0.0,0.0,-0.24960723987120761,-0.1544551987522701,-0.4180858390500117,-0.47364903514535844,-0.40267258805192896,-0.7373064007944045,-0.3183805654303744,-0.8849073407594088,-0.21016683962070376,-0.7937465059414623,-0.2433163303208438,-0.9933674160944697,-0.2682047767860952,-0.7789657990254905,-0.256134179256854,-0.6373304337650205,-0.04080021787776499,-0.7888740245660223,-0.06581461748381744,-1.0,-0.12170433915846764,-0.7215200533078145,-0.1111163371080246,-0.6024739604781006,0.12588513668925685,-0.7375309202061053,0.11808715547201899,-0.9174099985757505,0.04002412426018241,-0.6536489068107507,0.034006686497671156,-0.5417106989982557,0.29898060645775776,-0.6440078024795437,0.3046548483723302,-0.849708663902445,0.2165024678282007,-0.6823254733678236,0.18049098307154066,-0.5750238493992055
3,0.0,0.0,-0.24291502857290723,-0.14394795058264181,-0.4116738083693467,-0.446697888838717,-0.40259816267962806,-0.6886399171527265,-0.3191423237094097,-0.8259582704547834,-0.21652425936756609,-0.7901671157072345,-0.2657974693593656,-1.0,-0.29090228500616355,-0.7827209948175746,-0.27836654092988855,-0.6375086316177938,-0.047918027370001434,-0.786866542216926,-0.09291786682902305,-0.9982292397822441,-0.14808665636223897,-0.7239460620246344,-0.13494546280712608,-0.5966113254141246,0.12202022057653043,-0.7334339661086479,0.09968510937040434,-0.9363164421192872,0.022186492258199207,-0.6775265525972212,0.016231573519707183,-0.5489363448924193,0.3026458914447645,-0.6360843554103597,0.3042395146758163,-0.8680842231842036,0.21263103903340513,-0.7158388103547711,0.17083605812694333,-0.5978044768037253
3,0.0,0.0,-0.24266174725516046,-0.1452974244946668,-0.40672595658892446,-0.43400814066794846,-0.3882059034281198,-0.6574322041922895,-0.2972386064562575,-0.7798494627844147,-0.21952497772094876,-0.7894903318655239,-0.2643245737095779,-1.0,-0.2928557277812214,-0.7776276017130189,-0.281687392172414,-0.623256038848487,-0.056511896375381364,-0.7816534783189742,-0.10284077210763519,-0.9935987433742068,-0.1526543802260073,-0.7039736962809598,-0.13434224249143928,-0.569401914084457,0.10858759209625893,-0.7315953546751086,0.07426596654146522,-0.9200318723066189,0.008709211875624132,-0.6416776411000983,0.014820689733907206,-0.5123087141142743,0.28545162843579236,-0.6393166996515267,0.26446976529598737,-0.8563037123245629,0.1815041230515484,-0.6843240767541018,0.15852423027305018,-0.5668576363588744
3,0.0,0.0,-0.24570991369587228,-0.15533370969740087,-0.41023925482604867,-0.45441320497139537,-0.3975227765499091,-0.679164832261745,-0.3238928903912962,-0.8001259299642697,-0.2316417261578811,-0.7892558281616902,-0.2827780080171734,-0.9811056629340982,-0.30478239283342556,-0.7472415325146675,-0.2888713933850585,-0.5852293110398826,-0.07413430547714638,-0.7919181533249102,-0.12379001575267903,-1.0,-0.16542572788716503,-0.7038626817271479,-0.14098331636466746,-0.5662713498839365,0.08931463672864029,-0.7453303213446985,0.057125151544377265,-0.9397222949706973,-0.005759392523106776,-0.6580435175324721,-0.00039277450936478004,-0.5264538339970819,0.2621410703455111,-0.6533296853728217,0.24358839329802937,-0.8670050042431753,0.16449625122288056,-0.6938839224883718,0.14376636588478983,-0.5776034325263835
3,0.0,0.0,-0.24570747469415172,-0.1335905495505355,-0.42372180519700686,-0.42154610310322554,-0.4208897175745012,-0.6500366685336234,-0.3406391430024528,-0.7824908154309343,-0.2588097023813356,-0.7651392492258567,-0.3115835549003324,-0.9528636998148065,-0.3212300348284009,-0.7154215996171666,-0.29402477258534887,-0.5703616048532293,-0.10341156847976068,-0.7828269213024063,-0.15510910431138264,-1.0,-0.1858676198875963,-0.6877418191884532,-0.15294855782952324,-0.5526037877763686,0.0584358818366563,-0.7519818309695944,0.02685239131414445,-0.9475940399013731,-0.02789504376618834,-0.6501478543945374,-0.01306561280174421,-0.5230192285820355,0.23136946109326414,-0.6759212466121172,0.2141665003572969,-0.8854965354002906,0.14359539934635052,-0.7022761851420282,0.13193134534623466,-0.5916766988770362
3,0.0,0.0,-0.2568680136120353,-0.1247415256416851,-0.43466994604457754,-0.40122543512219155,-0.43597720769182874,-0.6200739619740159,-0.38345100831395396,-0.7584258986027901,-0.2855244883980952,-0.7509145078631975,-0.3603112250561077,-0.9371883620888031,-0.3498758727485861,-0.6823036772529029,-0.3110566653762125,-0.5226148481640808,-0.1357158907247028,-0.7784142439066649,-0.20756418204608276,-1.0,-0.2127293376180021,-0.6788578939246681,-0.16924419092585122,-0.5413135289228679,0.026989081674919257,-0.7694644254275419,-0.03457654604078737,-0.9797120301912128,-0.06187384772821411,-0.6645067802988258,-0.030665387041493967,-0.5270988605199538,0.20495764512871603,-0.7208388944688247,0.16176731757896362,-0.9329065810454844,0.10076791046594419,-0.7250801344960055,0.09984595767490843,-0.5999505927516182
3,0.0,0.0,-0.2671711768721105,-0.12342448886120677,-0.4532441175201596,-0.4004818494700264,-0.4780254017809236,-0.6144649706332357,-0.47165552713590797,-0.7471951116976966,-0.2898840928275177,-0.7548675868142177,-0.37085137065182155,-0.9580963544057891,-0.372629058327516,-0.7150381176064511,-0.34050393953842906,-0.5458513429942926,-0.14418035806543328,-0.7789939407885493,-0.2309132626701906,-1.0,-0.23541936558053705,-0.6656625139808809,-0.18769740561315082,-0.519030869121254,0.01721902439725947,-0.7712498326719496,-0.05649714076465324,-0.9983062529247837,-0.07885230658260253,-0.6578839722406913,-0.03815383781403741,-0.503042604763954,0.20013389009783022,-0.7240239104869606,0.1450767385799297,-0.9459660387670052,0.08399951101488749,-0.7252203751909753,0.08943144970810243,-0.5902949177631033
3,0.0,0.0,-0.25627578313683097,-0.1262976935054095,-0.43614079255248694,-0.42445636526046765,-0.46182927664634776,-0.6591307880992945,-0.44778979828871157,-0.8163059479683532,-0.2870223827019315,-0.7660087859241077,-0.3762995886275581,-0.930160614014063,-0.35823459517227624,-0.6792583635875228,-0.31034485847848015,-0.5190254413601657,-0.1403581215769787,-0.798237026441709,-0.2326702794815883,-1.0,-0.22669299531153672,-0.6573595724824957,-0.1717683584617342,-0.5127924879838919,0.025493458796392074,-0.7926075488710654,-0.05284606687727561,-0.9791577911779377,-0.06936064367444751,-0.6383909847867864,-0.024526050624708064,-0.4989692602917882,0.21138082183246873,-0.7453602241288606,0.15001621535423829,-0.9504813541343778,0.09218673527514211,-0.7291389433267512,0.10060907158448337,-0.601189392443135
3,0.0,0.0,-0.2598631242672616,-0.12180447201908227,-0.44768176602900467,-0.41313649146576503,-0.4906327106649178,-0.6384583524492329,-0.48911794276570514,-0.8013604900124581,-0.2996492374081859,-0.7553916354897338,-0.3934313871330665,-0.9299320584444775,-0.37370867396347857,-0.6743986004306074,-0.3216192868842584,-0.5155232435287185,-0.15477759699069737,-0.7794924902049994,-0.25137008988801324,-1.0,-0.24177538140468752,-0.6628083144168647,-0.18493018062179453,-0.5222082106946965,0.007616807777585297,-0.7730083589624629,-0.07711596350524362,-0.9788872085329569,-0.08981594618195544,-0.643895063841892,-0.045712676540487676,-0.5060718533008478,0.189766423877746,-0.7285892180615812,0.12998367477253325,-0.9524654547254368,0.07155170702376391,-0.736641963530807,0.07498441040039096,-0.6019538058339504
3,0.0,0.0,-0.2546479995912319,-0.11878132611176401,-0.46571314700321903,-0.3962180777681263,-0.5573905608638632,-0.6391553489005842,-0.5298649362151483,-0.8481077785158313,-0.3192202748965306,-0.7932483777017015,-0.4228087135728033,-0.9394964658593498,-0.39158734862807215,-0.6617117163149558,-0.3312277689779095,-0.5224436155536253,-0.16544928721066884,-0.8155544427980175,-0.27695971931258834,-1.0,-0.2570438574080698,-0.6463683340997735,-0.18858440209153,-0.5305456713164035,0.002870233168122903,-0.8058111832132577,-0.09780280346771583,-0.9819384463406742,-0.10133755727011054,-0.6378128182855586,-0.04808706760002044,-0.5198796859298622,0.18827435150648067,-0.7579410352051504,0.10388881508354197,-0.9580866928959515,0.05881423194181868,-0.7323619641306014,0.07986824042375623,-0.6152499105819835
3,0.0,0.0,-0.25445770560319375,-0.1261069733676446,-0.4573971543389941,-0.4022029857849142,-0.5325992571890615,-0.6396094596857347,-0.4995636274907245,-0.8408611836945122,-0.3319972724308414,-0.7825529210106547,-0.4422231230887187,-0.949026348141816,-0.425957678613919,-0.6699009273294498,-0.3764782824466163,-0.5201260123732054,-0.18087833290003613,-0.8052060107868971,-0.2968279064694944,-1.0,-0.2789543969384248,-0.6440559427078284,-0.20554308755100423,-0.5305091719470173,-0.010255786720836161,-0.8000663440438526,-0.11458007442430225,-0.999566519198738,-0.11639303764838593,-0.6534928252593174,-0.05542385279058085,-0.5319678320892562,0.17905084228569415,-0.7605869561385729,0.09877441152364921,-0.9810981440191767,0.05003384675379612,-0.7553375421913969,0.06920311687567748,-0.6301924059891955
3,0.0,0.0,-0.24393510207703387,-0.1260143201348741,-0.4323714225258861,-0.4060401209498522,-0.5036231715890709,-0.6279622134095981,-0.4910146272874334,-0.7994266485560417,-0.3049108233736272,-0.7578608530650413,-0.4071146771144041,-0.9311458838144252,-0.3842249858368542,-0.6734483676547878,-0.32376814759704314,-0.5310387899554287,-0.16281884142054645,-0.7844384227374801,-0.2674221709542889,-1.0,-0.2531726129126936,-0.6626088855822588,-0.18505429774686533,-0.5401048414068952,0.0003939743493484953,-0.7835329369927717,-0.09511886804043493,-0.981307514316722,-0.10314537871910558,-0.6589644180824125,-0.051679714962425,-0.5421212638303972,0.18336284273106404,-0.7467174947272144,0.10981782440429468,-0.9576368364651519,0.060667135358720065,-0.7436785955619868,0.07674008750435132,-0.619671551529961
3,0.0,0.0,-0.23660288952693997,-0.1329107688443408,-0.415919491883254,-0.422926370059525,-0.47290527160838675,-0.6505674251823751,-0.4517417251847569,-0.8121325702704283,-0.28749549340331687,-0.770991267217094,-0.38271994898478423,-0.9450848864175236,-0.36119634849282084,-0.6860051091002397,-0.3042990090359293,-0.5397610394025417,-0.14271647362734208,-0.7894029476660972,-0.23995306372787842,-1.0,-0.23111790123055803,-0.6631535512523196,-0.17008288348566442,-0.5334365113907276,0.01821436459422766,-0.7785436736585228,-0.0714828787219346,-0.9710059373396301,-0.08396831686598545,-0.6463614036113403,-0.03803851800365075,-0.52135558428229,0.19784933838288696,-0.7311291338889575,0.1278273819190469,-0.9414107244550401,0.07549496776903705,-0.728552389118775,0.08848492820842617,-0.6038211609209589
3,0.0,0.0,-0.22491310949509194,-0.13701920537453094,-0.3892030869508338,-0.4343279467676187,-0.4342588476296903,-0.6554158210050616,-0.4277959521060587,-0.8152820583623278,-0.24841239747498461,-0.7703583833432808,-0.3377999060384607,-0.9551203756813823,-0.34069396397104507,-0.6998983910465058,-0.29830941650495363,-0.5533300834591347,-0.11813853035036784,-0.7795467083263597,-0.21017871495403015,-1.0,-0.22391409542019552,-0.6785153970486296,-0.17097093391272075,-0.5480808079868504,0.032905806779276556,-0.7582526130270877,-0.050791188451354774,-0.9589583677029566,-0.0795449343388764,-0.6453062184772557,-0.03827946069983208,-0.521063576588654,0.20349217741283393,-0.7003012921738117,0.14267855765382914,-0.9061272265287005,0.08241719946642177,-0.70518407644916,0.0941709628280523,-0.5858923877931324
3,0.0,0.0,-0.22504348665775023,-0.145710938957564,-0.37891219198208104,-0.4484558792465584,-0.40546634307187807,-0.6618963200408089,-0.39203461404131634,-0.8082559836302812,-0.241042168347486,-0.7672981645730882,-0.31540297548714374,-0.9580873637704513,-0.33300926622021504,-0.7321442300703318,-0.3098258723112598,-0.5514752400917464,-0.10582877343352912,-0.773401712806214,-0.18723495705389145,-1.0,-0.2116873295531626,-0.6832759590221728,-0.1759507302530951,-0.5005379251675244,0.04962241589277603,-0.7464178775886993,-0.026459620581699157,-0.9527265458722902,-0.06502334464025795,-0.633176888950466,-0.041818433724601735,-0.46133695658733975,0.2209144517925897,-0.680560880140039,0.16887097904217307,-0.8980866657797462,0.10169882015954598,-0.703264602241075,0.09616461979580361,-0.5649477727142838
3,0.0,0.0,-0.22985596648243167,-0.1662833546052616,-0.3620941932983123,-0.47946717667125494,-0.35167179618806,-0.6984741336743102,-0.30444583301053735,-0.8503686786441578,-0.22271408937235682,-0.7727702884765622,-0.2958258764204001,-0.9694974112415424,-0.31853662697384844,-0.7406311567625038,-0.2988040768022253,-0.5574820714554198,-0.09074975004506101,-0.7781377007171418,-0.17248429776943422,-1.0,-0.20185833965230895,-0.6831436075573123,-0.1658738275985206,-0.5004457844933251,0.06240552511926496,-0.7467833218691856,-0.011772858062895523,-0.9468637404527386,-0.05091111933643061,-0.6268521641415544,-0.02464791763342429,-0.4563055551425506,0.23043993373487848,-0.6737216171047693,0.1754220671410398,-0.8896532088788586,0.11258771246821928,-0.6925791619616709,0.11596370182156047,-0.5553885276617234
3,0.0,0.0,-0.22577019775528573,-0.17001377884278662,-0.36303211068887364,-0.4671787809699173,-0.3762493418563342,-0.6696695986296393,-0.3575181174525157,-0.800495826338234,-0.2235745542171416,-0.7584728119607439,-0.28410089075778205,-0.9711814191031717,-0.3083095897462348,-0.7584276322482575,-0.2917520976895263,-0.583522939465778,-0.08875350918389151,-0.7591031303529718,-0.15392682799766746,-1.0,-0.19258333976449413,-0.7025515097198431,-0.16311362807569457,-0.5272737449767464,0.06471182647164025,-0.722590877472749,0.004881865070239264,-0.9345523711722151,-0.04765729294279964,-0.6297973066169341,-0.029555417409481897,-0.4589108289501256,0.2320947111555626,-0.6452923321302215,0.19045582128637953,-0.8542876064227841,0.11916352767848798,-0.6674340107963355,0.11505107505093544,-0.5315594188195543
3,0.0,0.0,-0.20899109128452242,-0.20103034731862035,-0.3142816666564748,-0.503501417689421,-0.2717718773632404,-0.6789383177703445,-0.19144540112151362,-0.7783811790773094,-0.17408851539074618,-0.7810110005972437,-0.23171157715145327,-0.970216546708331,-0.2610414921308555,-0.7634047324939307,-0.252271768310208,-0.5836784556052239,-0.03385268566023967,-0.7709768476335492,-0.07966273056562852,-1.0,-0.13425855149035748,-0.7203975798380308,-0.12660037872997043,-0.5379900761740527,0.11946466681750638,-0.710472479906724,0.0792461377900352,-0.9143843242890659,0.006076903790764941,-0.6330012566578405,-0.003818257515996143,-0.46325626239586454,0.2812421649982572,-0.6013582962858779,0.2602374808138006,-0.8124605064952801,0.17756980413260035,-0.642816284369541,0.15034820531322682,-0.5075237674459372
3,0.0,0.0,-0.20264793874379508,-0.19404123203426546,-0.31092415892214337,-0.4978575057520917,-0.2704730358114127,-0.6923187016455599,-0.18093706474895208,-0.7872307205866396,-0.1312886957694275,-0.7844846450169258,-0.16443147657138915,-1.0,-0.22267758771912624,-0.8013435855314046,-0.2357678101623908,-0.6347575063559532,0.010073529782540771,-0.7501469655619052,-0.030477074835306123,-0.9857809923958901,-0.11264593604036334,-0.7139741697947625,-0.11240451596239301,-0.5590383836135158,0.15626963522472082,-0.6646262374568792,0.12497168232130822,-0.8774336161708373,0.03112924521612544,-0.6092637204328105,0.01634783715188554,-0.46553535400319995,0.30675054240144,-0.5300069655731109,0.2956129713675663,-0.7412471681543136,0.19574200473414938,-0.5824719436314623,0.15751321631743243,-0.46684666718586304
3,0.0,0.0,-0.19837448362040025,-0.15336348787103796,-0.32348522273207514,-0.4618301347901072,-0.31111874964367414,-0.6809642752199669,-0.20506121863954083,-0.6783045787867733,-0.11646814952415627,-0.7700536643826413,-0.1323999874466505,-1.0,-0.1867043773399227,-0.8236345162294461,-0.20173493697429512,-0.6697134840356218,0.034170976738987446,-0.7392335895359645,0.011963057319626135,-0.9905918696653826,-0.07754351120864017,-0.72937001466357,-0.08511052316558693,-0.582209044237446,0.17843613385548782,-0.6483903503185412,0.1655161506019883,-0.8554866828598547,0.06265023158734791,-0.598017009788587,0.044610902228094954,-0.4622428053912246,0.3276647287482798,-0.5066059628766131,0.33654094352659775,-0.7035375232134629,0.23115106561978693,-0.568685954409628,0.18367045345534208,-0.47152421571376796
3,0.0,0.0,-0.18153996742567693,-0.17564238689982542,-0.30449661403153494,-0.4665355723541015,-0.30254927459692993,-0.6807624290250838,-0.19857594357628627,-0.6980534812449221,-0.09150166387228985,-0.7824944731669956,-0.10393396058387135,-1.0,-0.16304806143296413,-0.8112006230953858,-0.17211723562308096,-0.6616338309830476,0.05273609009198043,-0.7453044931760497,0.049162585264721274,-0.9908072802702653,-0.04174818934806771,-0.729352091257789,-0.04822434894051382,-0.5907579507765292,0.1892994923542612,-0.6595209139087214,0.18891532561347457,-0.8462459124059906,0.08460817765005738,-0.5917180349205793,0.0709512940008992,-0.46495642968029655,0.3266815778961282,-0.5255118212231719,0.336157986575901,-0.7176648384736337,0.23333693397233954,-0.5727587852079835,0.1983943959565785,-0.4764656837291855
3,0.0,0.0,-0.19274208130990364,-0.20289157318470147,-0.30501500213354704,-0.4916718752734238,-0.2924791233208132,-0.7175544929449366,-0.19227521365757266,-0.7728891906116752,-0.1008775137603688,-0.78010870096824,-0.10061446603218134,-1.0,-0.1589244634611562,-0.8013800639211588,-0.17263570009732204,-0.6489680228188576,0.048097576012380405,-0.7365772745608057,0.04857644626894,-0.9717273609571213,-0.036396943845311336,-0.6990989745962077,-0.03737207130848129,-0.5736488769376353,0.18985270673307958,-0.6466922393180188,0.20196008135746538,-0.8455411783551092,0.09847037465624317,-0.5884738879418921,0.08628818005970341,-0.47403904009677467,0.33463170850228585,-0.5061492594505365,0.3417728093228153,-0.6896575241970258,0.2427055574974099,-0.536160144803007,0.21621513692167077,-0.4531813182942572
3,0.0,0.0,-0.17972725638979187,-0.18324356403284134,-0.29750942713464884,-0.480410750675196,-0.29794379650582103,-0.690789983517689,-0.2008834172785218,-0.7530110123389505,-0.07972684618900744,-0.7678266886164737,-0.08401078362429688,-1.0,-0.1383383298375727,-0.7964177941552597,-0.13988123911235653,-0.670759103159178,0.06192623858186715,-0.7176249862388724,0.0641658239996949,-0.9576285871365691,-0.01921258522614203,-0.6997964406323611,-0.011034733695987781,-0.6128036081704458,0.20133131218907196,-0.6294845893662875,0.20919341998030372,-0.8314192293036797,0.11438315835313476,-0.5853126167894294,0.1139038886258307,-0.5058725785542817,0.34098572135415484,-0.5008057119461444,0.35362966164089404,-0.686913142644662,0.2586235014228978,-0.5358289875147076,0.2372053663575268,-0.45711799802504954
3,0.0,0.0,-0.18121604575768552,-0.17113336086212655,-0.29199967962852047,-0.474460365244637,-0.2895853165224021,-0.7018351731038458,-0.19706519464988534,-0.741231403106301,-0.06012942985509313,-0.7930478721038761,-0.06294999015675884,-1.0,-0.12442346630920423,-0.8039928215860915,-0.1265938216727521,-0.6883103315405109,0.09204813609309206,-0.746333190902719,0.08364523077572143,-0.9240537032989413,-0.0074211971596474646,-0.6666756833761321,0.008023090345814742,-0.5920520600314706,0.2376186803511374,-0.65510412824477,0.2289350325489297,-0.7960867258285257,0.12789590130999987,-0.5574303446670589,0.1415673478901985,-0.4918090708431174,0.3821437315807967,-0.5196846177663796,0.3678474604298644,-0.6638810600288546,0.27334177007914057,-0.5117668336817289,0.2758356138094356,-0.4437991003661619
3,0.0,0.0,-0.1791843814026545,-0.17657441716263436,-0.291199155217357,-0.49363089223878404,-0.28431216443437224,-0.7273668163646543,-0.17211525569744313,-0.7458247646450739,-0.036714784572116556,-0.8205475815693832,-0.04486077458321758,-1.0,-0.11598513545470736,-0.7667486086666129,-0.1121110066311934,-0.6709893205154666,0.11931072599518994,-0.7577891874738785,0.1092818516586293,-0.9317387619271986,0.004777729143586324,-0.6498231539525187,0.02528991679959971,-0.5759249972432723,0.2653666515224436,-0.6473482749846555,0.26516340601736954,-0.7954916778264544,0.14484083181984678,-0.5403036959465211,0.1566301940174854,-0.46413536554883134,0.4063649081027133,-0.49054964546572755,0.4026061014525204,-0.6455516296359345,0.29465713606197347,-0.4941990813303171,0.29283107064566716,-0.4209029131032265
3,0.0,0.0,-0.1868358534560431,-0.20856298807155438,-0.2926852493644946,-0.5247573882561526,-0.29485519429870916,-0.7587804458467681,-0.1903085691167873,-0.7676030056829606,-0.024419304182005667,-0.8491937389754283,-0.05671328248992418,-1.0,-0.12014571384523776,-0.7677836297648393,-0.10971216134798703,-0.6694062435426612,0.1279028371935126,-0.7907907617368535,0.09403448223124548,-0.9411397692142216,-0.007228647202654303,-0.667257620734305,0.018139212494631792,-0.5883213246599539,0.26765798551010844,-0.6808548855186037,0.243722057270337,-0.8006061958525451,0.12707685599337606,-0.5584164291556739,0.14566885666853951,-0.4788785365564499,0.4021767099647225,-0.5215562785232273,0.386398560097863,-0.6714106350075146,0.28365248239222196,-0.5326859816846288,0.2871984300663855,-0.45908524061237593
3,0.0,0.0,-0.18671076280806465,-0.20608974301767713,-0.29190364233800725,-0.527502601415027,-0.298693424800811,-0.7573061611146015,-0.19156789023902676,-0.7699567129894052,4.7744666876088757e-05,-0.9196675900277008,-0.07572716912499643,-1.0,-0.12128238605534454,-0.7468612343647372,-0.09722208587971556,-0.6712271004083731,0.15666218818716623,-0.8783877518419625,0.0737830241382757,-0.928820621947911,-0.009952978196304653,-0.6460732465659537,0.025027129679869777,-0.6004799900762486,0.2935835183625096,-0.7628394110360682,0.22776537556758147,-0.797997668989348,0.12291697157809064,-0.5507695369392009,0.15244827512351145,-0.5002601415026987,0.41773158840705943,-0.592346440657395,0.36983922541194275,-0.663171303402633,0.2723166158580118,-0.5201590700588286,0.28619781998743465,-0.47449397346288946
3,0.0,0.0,-0.1974906663285729,-0.21763566940145368,-0.30403519925013384,-0.533806919589747,-0.30826782110535283,-0.7657120505412669,-0.20111849934970574,-0.7802169702441869,-0.023640763532403283,-0.8909717379342884,-0.08363556837831881,-1.0,-0.13060907612993194,-0.7446822513039353,-0.10953990261954788,-0.6674079904799758,0.1288534335434832,-0.839967879593023,0.06090997544957826,-0.939941577578624,-0.020017430428190718,-0.6542423585504553,0.014491307454236126,-0.6046744236984525,0.2681411619437976,-0.7310884522794497,0.21411448441133155,-0.8129886276974612,0.11062044517003104,-0.5592801617900129,0.13935196471435146,-0.5069022538171389,0.3979151659912479,-0.5715768597622266,0.3551910422853818,-0.6630132591177036,0.25614359594885977,-0.5147774459214047,0.2699338163469157,-0.469602442464906
3,0.0,0.0,-0.1967773951782247,-0.20971983605598754,-0.308503119565546,-0.5260610189663846,-0.30800831324529704,-0.7612666701491412,-0.2021418806644448,-0.7771797639188525,-0.05121801249278195,-0.8389662359344753,-0.08300188853347608,-1.0,-0.13921356536142498,-0.7564311351148516,-0.12272694092798646,-0.6729760711459344,0.09773615899277308,-0.7836690773444555,0.07043786899554601,-0.9619489742609397,-0.021521465910799533,-0.6729318312410978,0.006119399759777317,-0.6032468346773473,0.2413639593716595,-0.6843068182598052,0.22340028929494693,-0.8470166508225417,0.11378526211094336,-0.5829766774595019,0.13700690159530798,-0.5052757504463268,0.3850042376724229,-0.5386464778428123,0.3697981883305227,-0.7010983577296557,0.26731803687577566,-0.5472075800426076,0.2739050183989794,-0.479703724222953
3,0.0,0.0,-0.20752176296966587,-0.20325757160550761,-0.3261261352162584,-0.5058796307868425,-0.3339996968399579,-0.7333906937205282,-0.23800906865886998,-0.7943937406853389,-0.0659760641158264,-0.8480234859598146,-0.11646860745659043,-1.0,-0.15770445014634007,-0.7366158395847671,-0.13623799026448077,-0.648865339840802,0.08415133419083443,-0.8066797485652069,0.02874906581072494,-0.9521293782490238,-0.04125166571766719,-0.6520296014454451,-0.004417605939184995,-0.6013329639764691,0.2292102038808613,-0.7200600220192339,0.18574033310454915,-0.84716697857906,0.09701293337610901,-0.572883618419197,0.1323521756548727,-0.5204126232906257,0.37291058636243035,-0.5834770209503769,0.3406588984007964,-0.7060685669129478,0.24713677723446953,-0.5430819772730869,0.2617845440204663,-0.4945556171405128
3,0.0,0.0,-0.21104228157771715,-0.20087273088248792,-0.32378983071053746,-0.5089920443962562,-0.3250239176328615,-0.7284017274129617,-0.23897933542644037,-0.8053713238476581,-0.07225933375455124,-0.8250111528542461,-0.1248568712090834,-1.0,-0.1665143403085229,-0.7442640131442785,-0.13971210496424022,-0.6436261423141012,0.07615134443991774,-0.7811337996969938,0.022591402048847898,-0.9810054157096546,-0.053204547205991826,-0.678301811850488,-0.012636180892230715,-0.5939304249507606,0.2244704724547358,-0.6967675187087127,0.1906897623269467,-0.8910267287339679,0.0921587330500067,-0.6087557356900004,0.12558701654588417,-0.5201742279475982,0.3777159738202109,-0.563330935138182,0.36637265720299833,-0.7478354200876768,0.2568287706473263,-0.5847347971783546,0.2525285245305203,-0.5036738220276382
3,0.0,0.0,-0.20048496141664876,-0.19575162667166793,-0.3119372744514993,-0.508955632927283,-0.317191023131861,-0.7280755513743901,-0.22210482692697447,-0.7879140790663767,-0.04656633886194995,-0.8593899262817507,-0.11876315479017373,-1.0,-0.15323776479734288,-0.7365693940704755,-0.11969568913102005,-0.6502887323304586,0.10467265406872102,-0.8177836125874591,0.029292492354416288,-0.9780876814597241,-0.039939379822918904,-0.6682779211272207,0.005899395915700444,-0.6022496014616602,0.25467153483391464,-0.7304166275942804,0.2046081014450229,-0.8858190530063554,0.11130409004697761,-0.5992404933103033,0.14633045256410646,-0.532347398384067,0.4048562690761473,-0.5914815946373528,0.3939185015563414,-0.7478212733262146,0.28721247009071854,-0.5847269823312149,0.28292598227979054,-0.5235303690752398
3,0.0,0.0,-0.2036835260450316,-0.168217896044593,-0.3297678835519666,-0.47817584985587896,-0.33432769218562813,-0.692708618236672,-0.24190812917622093,-0.7716467400651588,-0.10256039704375672,-0.8190355593862991,-0.1483321974160222,-1.0,-0.18407318264318348,-0.74503362660205,-0.16502907307668993,-0.6347507166627981,0.05360223773246264,-0.7875849412353754,-0.004124907537316485,-0.9711291584799308,-0.0692514083157032,-0.6651337943038552,-0.034657182126723036,-0.577049443696201,0.21676727296561152,-0.7153516883772251,0.18109146130218012,-0.905256857761962,0.09292715295754922,-0.6177248931473879,0.11667361522809269,-0.5210630116247954,0.387185793197999,-0.5939669731425781,0.3871905980543042,-0.7834643457485893,0.27921056950113765,-0.6221974751588929,0.2555135110095274,-0.537305889965341
3,0.0,0.0,-0.1969011830090876,-0.16353070913888015,-0.302041871949531,-0.4692010000186493,-0.29600025161108334,-0.6596090414300915,-0.2293888023343206,-0.7697540089283774,-0.09295478503285808,-0.7820228804828274,-0.13103311892433553,-1.0,-0.1713343456453095,-0.7544134879789542,-0.1592133140669491,-0.6184476100855423,0.05180332457762051,-0.7466402565300554,-0.004685087002471857,-0.9708188383581589,-0.06874041879089181,-0.6699356822245571,-0.03518160590035376,-0.5598674044057913,0.20309815226495828,-0.6664690132764853,0.1761160641059248,-0.9022826381520569,0.08833481655440902,-0.6219793975576369,0.10800110319888902,-0.504242151786848,0.3658806754132703,-0.5398447507914701,0.39765949991558597,-0.7568760514441264,0.29291333813864545,-0.6311506461659437,0.25892996231927073,-0.5489763620373285
3,0.0,0.0,-0.1929558289405157,-0.16858173159176185,-0.2973934405141034,-0.47337872992464336,-0.29213437260676184,-0.6730770361191675,-0.2268641138503989,-0.8039056471464542,-0.09188611470317055,-0.7952215087053928,-0.14229455965469368,-1.0,-0.1810259359032768,-0.7522778785699449,-0.15605350000516663,-0.6331559128564144,0.046924963705229104,-0.7624648553446947,-0.01795300276541311,-0.9765656097400853,-0.08179516909994104,-0.6790084459786606,-0.0382506016334333,-0.5782852359684505,0.19607684201492456,-0.6869032972909124,0.15556505279641597,-0.9199216355940032,0.06733740397424261,-0.6375222373728445,0.09528494991683589,-0.5274550458719003,0.35802524518422546,-0.5657806409202063,0.3588163885856805,-0.7588975943263397,0.2549958020394125,-0.6138952278880957,0.23721518512699905,-0.5294379163116804
3,0.0,0.0,-0.20035226783475965,-0.1840071211784418,-0.301494433988766,-0.50383714904167,-0.29194973978608413,-0.7101540609432453,-0.23457289673318213,-0.8396530548518525,-0.09982830165479699,-0.8191675353522053,-0.1648416582873106,-1.0,-0.19260442265720595,-0.7550351010457461,-0.16398032324579756,-0.6460798830120997,0.03784276010365844,-0.7907067054351682,-0.03320866132030682,-0.9895395054678221,-0.08976271205289021,-0.6924768525685312,-0.04315521078003265,-0.6016636302163308,0.1893167917241069,-0.7199269786032295,0.14015687772113192,-0.938716631007278,0.06267968964137198,-0.6583808240737078,0.09987328922445347,-0.5566687311243341,0.3478398447575012,-0.6075794956261593,0.3480752712807317,-0.794833556733685,0.2713671684507734,-0.6555213332698115,0.2846828572212063,-0.583185870566971
3,0.0,0.0,-0.1904436154515959,-0.16703823070636423,-0.29601198501333376,-0.490158941815784,-0.2992099512739219,-0.6965563913621614,-0.28050438773827097,-0.8427526242286152,-0.1096363112066637,-0.7973084630336313,-0.17060182575268557,-1.0,-0.20870769894146352,-0.7543715073869485,-0.18812603805342012,-0.621684383935423,0.03061446848643696,-0.7726795588953537,-0.03680997369504014,-0.993776725516531,-0.1022716681016268,-0.6965724615443754,-0.057622402399676746,-0.5819614647315424,0.18103047407937461,-0.7068024824188992,0.13632541270477752,-0.9349669937741543,0.04813559531218643,-0.6583348128614425,0.07956514344051802,-0.5500855512220345,0.3441330528807987,-0.5997836824912537,0.3351602345012413,-0.8104030903088959,0.22973855356275297,-0.6649183165494208,0.2136640002591799,-0.5751039965771797
3,0.0,0.0,-0.16972465241447626,-0.1498993875648896,-0.2769714520706076,-0.46737151870119115,-0.2903401016446505,-0.6799896092855203,-0.2465430623634584,-0.8238683751418662,-0.08780610804895672,-0.7912539233390251,-0.1476106117837863,-0.976632763532655,-0.1858165477714495,-0.757224587345547,-0.15771007138791582,-0.644261879015467,0.04030261559320708,-0.7702528470671942,-0.02489061119467443,-1.0,-0.09510246166233911,-0.7210383909221925,-0.052542303374074735,-0.6016668056919887,0.18138094169785848,-0.7020556576132615,0.1283198643823854,-0.9196530131104053,0.0359483932926059,-0.6521077318012362,0.06436478822507577,-0.5418370361680406,0.33518306841709067,-0.5864460087226645,0.3099241353418493,-0.7729424474525546,0.20609189916588616,-0.6284931064389292,0.19598405995330526,-0.5405023930765136
3,0.0,0.0,-0.16534300233574648,-0.1614285644958323,-0.2823953701674742,-0.46178159557204884,-0.3198851525987435,-0.6689354677708422,-0.24853917853547167,-0.8116883884494095,-0.06125563887226661,-0.8054410661088052,-0.13315223241044533,-1.0,-0.18292860624336535,-0.7649467056343491,-0.15427822621638063,-0.6513764926920663,0.056622595954931576,-0.7653019640752212,-0.025053621626491353,-0.975791968123052,-0.09856063714077057,-0.683855326817234,-0.05250869076625451,-0.5779094204210515,0.18184553462537903,-0.6883338229802562,0.10715677150585903,-0.8909988710123173,0.019864857449284214,-0.6113915641114563,0.05765601849484153,-0.5077984516207065,0.3151587843466785,-0.567938417224721,0.2645681158597945,-0.7612582395382611,0.16579021733977253,-0.6053216843406185,0.16559634951109345,-0.5102388469070055
3,0.0,0.0,-0.1439993041944241,-0.1601525367951832,-0.26666917581298755,-0.4386534231993739,-0.3132628166711542,-0.6513518267067744,-0.206142957164047,-0.7384299402919682,-0.048759227144330924,-0.7924349720953977,-0.11080329836934441,-1.0,-0.17037031139470898,-0.7818381716429793,-0.1488280839097132,-0.6522502941009005,0.06322662706075705,-0.7486052524152946,-0.019478695900151416,-0.9530388536482505,-0.09426983359534612,-0.6727252899752849,-0.05308979655648619,-0.5623413085584086,0.18017455937943022,-0.6737018062958341,0.10004593667879742,-0.8751240097316275,0.013879560011542074,-0.6168885813576219,0.047890193966661165,-0.5028787628750571,0.3047767149291311,-0.5620543249479594,0.24762572029387894,-0.75217764948963,0.14839718628191803,-0.6209003203021785,0.13868570433184813,-0.5251902608450612
3,0.0,0.0,-0.14187607213922668,-0.1695199393229269,-0.26348361990651886,-0.43651949102392096,-0.28837692543958726,-0.6418966182096688,-0.16921395377668116,-0.6942709894360696,-0.06266795251791513,-0.7825117188053191,-0.11573438968768347,-1.0,-0.18135035507556427,-0.8116895765025388,-0.16729643661490837,-0.6874109234982738,0.04525858216327138,-0.7443249315769422,-0.026348187871410852,-0.97219356348492,-0.11001712636854821,-0.7059695969232433,-0.07158355413587755,-0.6000677207768133,0.15578413671564215,-0.6799937920686596,0.0771421367866828,-0.8927376721836154,-0.00861925066972064,-0.6384946764783246,0.027451639541597433,-0.5263046580611521,0.27232516280729435,-0.5818909488871807,0.2126399889678049,-0.7870338276539893,0.12276683367410403,-0.6516865305766156,0.12742336257685333,-0.5513311648136123
3,0.0,0.0,-0.14240536526258518,-0.15158814117526595,-0.2556357552980037,-0.4129114487344913,-0.2519073453179259,-0.6152778699945934,-0.1128667542120102,-0.6611182681518215,-0.08333488562327718,-0.7674168360186425,-0.1230146164002042,-1.0,-0.18041913656947883,-0.8044073530317594,-0.16269234729438148,-0.6791952654661504,0.026625181860766334,-0.7377292051334591,-0.017506516475091233,-0.9748956432611436,-0.09102597756268689,-0.7238276201635264,-0.06320578004969538,-0.6061384058283211,0.13658216381142455,-0.6743973753310234,0.09433995469751316,-0.9086413562267721,0.009647548663718345,-0.6734962853035016,0.026703920101598614,-0.5414615120279234,0.2518067226458609,-0.5803008349339062,0.22014400755704266,-0.8027155665045009,0.12889632870667125,-0.6881139425768523,0.1131108541864917,-0.5780413102637525
3,0.0,0.0,-0.1418463004372995,-0.15734424907902178,-0.2513559031825473,-0.4333219223485785,-0.22712814380680926,-0.638348567832174,-0.07455497450453881,-0.6705667713132732,-0.08746385955665706,-0.7964745527862028,-0.13138726573677034,-1.0,-0.1745666493270914,-0.7734523381480239,-0.1487058115823319,-0.6526932349001069,0.03404136146356414,-0.7702602111920692,-0.00720405226921652,-0.9970113385457594,-0.07446942121863498,-0.7337332648751848,-0.04635207190852619,-0.6191036180659207,0.15399754421329795,-0.7044509940884426,0.11835313533005003,-0.9213552292321726,0.030951432854580248,-0.6760635990323516,0.04480280083998195,-0.5534990304542926,0.2794354228084129,-0.6021296133445433,0.25745300069129384,-0.8136932282653623,0.16261724146640893,-0.6939997581228189,0.1409137114214335,-0.5903475872867584
3,0.0,0.0,-0.14951102147607356,-0.14375759283866277,-0.27122331733087124,-0.4200992312023877,-0.23816277810764355,-0.63039230948459,-0.06438864444760393,-0.6491783406173876,-0.12359554288860779,-0.7610208755666069,-0.16182999293231898,-0.9735842705150051,-0.19224389779119813,-0.7511969247637977,-0.1630235720144538,-0.6304687168470113,0.007165363490297466,-0.7440826901522463,-0.023285486844722512,-1.0,-0.0832724724290095,-0.7392993376236601,-0.05544978372026761,-0.6113999327203434,0.13525235533129512,-0.6803298967940135,0.10945583431406605,-0.9052739724382173,0.027721002862645297,-0.6562300081222856,0.04449665105844214,-0.5258550275529753,0.26933515185906093,-0.5792387241663334,0.24822361461041453,-0.7912569159815264,0.15822843811112308,-0.6745048648499025,0.14289274842658597,-0.5689437471382983
3,0.0,0.0,-0.15707134861220376,-0.1901682505577861,-0.26570398599901884,-0.4739302417071231,-0.23327438954959986,-0.6716898406422436,-0.06481567297517511,-0.6530343000321104,-0.10035107223075415,-0.7824498884773173,-0.14592299483390875,-1.0,-0.1817725895172017,-0.789241644606402,-0.15626818726968547,-0.6629642110799193,0.025929584993777687,-0.7573189746752038,-0.02018702744760138,-0.9909335219350202,-0.07872270635898618,-0.7383447484865026,-0.05411265005594843,-0.5986021584730816,0.15289343594057206,-0.6860195238667061,0.1147892098681542,-0.910189729597359,0.03603921720782387,-0.6798993331204926,0.0463851004360397,-0.5314046331679154,0.28718624926991876,-0.5756648560613065,0.27463639276477814,-0.7931308060384931,0.18282339994913466,-0.699425732732175,0.15401459206921925,-0.5877020294445672
3,0.0,0.0,-0.15926428278567473,-0.18748342577466773,-0.2615555762215504,-0.49261223828515915,-0.20890408034470878,-0.683708508872438,-0.03763956126482907,-0.6440767067138553,-0.052791751694562836,-0.7931309742515352,-0.10739676896918993,-1.0,-0.1464220436758254,-0.7701692603464986,-0.11474563572206889,-0.6543703607522344,0.07557811658311561,-0.750447116596568,0.022750101916498074,-0.9649766367029238,-0.0417751777616739,-0.6995583520935725,-0.011377682948156232,-0.5785522066895825,0.19872143779174878,-0.6644470218449313,0.1569157289471514,-0.8764283078118046,0.06986997384971806,-0.635596552210199,0.08246071170176864,-0.5038171457180741,0.32792991654252446,-0.5402271582755904,0.3214168528068418,-0.7599868517481969,0.2223987020195551,-0.6691044742073763,0.19068860459498646,-0.5717938414945491
3,0.0,0.0,-0.1688343876367121,-0.2089762953206964,-0.2743767587377521,-0.5223563236859259,-0.19969392507339515,-0.7023359586598604,-0.024115840834323367,-0.6477105892859627,-0.07173479709556166,-0.7929986949308544,-0.12839882740424577,-1.0,-0.1638906168837865,-0.758003680669101,-0.1336860121624195,-0.622148908341555,0.0633146789822475,-0.7570567741050492,0.00768844483816615,-0.9814273456351649,-0.050018897362858625,-0.6958014999901676,-0.015391878066924483,-0.5630023209223064,0.19914858747008918,-0.6803220897221848,0.1516068513971818,-0.9004116171777987,0.06945979921791777,-0.6308919363417871,0.09023730579242542,-0.4919044704733502,0.34508323233156524,-0.5592149344803489,0.32141668349363317,-0.787913673584988,0.22533162713488641,-0.6510543193663916,0.2075209825477578,-0.5310704540690963
3,0.0,0.0,-0.1852818093584747,-0.20379105149743137,-0.3050453428690601,-0.5081363027277395,-0.2197685202816718,-0.6912383889777417,-0.034761013703051694,-0.6496074147758696,-0.11513998886874946,-0.7952641345653149,-0.1760128535998808,-1.0,-0.19896390567798858,-0.7617014036879876,-0.1596545437107493,-0.6416172833589626,0.03086477231320397,-0.7706959351863105,-0.025214718154197402,-0.9975487074210382,-0.07216228277251595,-0.7177223345207436,-0.03332341445734789,-0.5940699699257007,0.17551709202123308,-0.7054941158227088,0.1319198358022102,-0.9254828800990114,0.060195125488966265,-0.6564103180849292,0.08239433527100672,-0.5187533266652733,0.32852325551237127,-0.5924776046297159,0.31617404231976814,-0.8349510576662069,0.22356368996521347,-0.6967190994365192,0.2023165222051927,-0.5704663250515882
3,0.0,0.0,-0.20239049194454284,-0.19029660813816301,-0.333529459749826,-0.4979053016435657,-0.24720762246484762,-0.6864515548300215,-0.06112967738610947,-0.6519270811918477,-0.15499002280919702,-0.792233417846642,-0.22188762429145067,-0.989007763721353,-0.23075825991759577,-0.7402073098715387,-0.18539685914047552,-0.6156851697606701,-0.00697556487490193,-0.7830087132916076,-0.06940995873325437,-1.0,-0.10111959635663312,-0.7056803225594276,-0.055682186867597794,-0.5801896997901261,0.143048635221683,-0.7318102025356865,0.10205133149607708,-0.9680889692147361,0.038085152619807834,-0.6773601946924254,0.06211862853231786,-0.5250070158435073,0.3039929530946648,-0.6326663538938097,0.2923342939757231,-0.882078588100471,0.19999926983757058,-0.7281140245589535,0.17532839803380423,-0.5900343242176145
3,0.0,0.0,-0.20694702655024164,-0.1706821935616491,-0.34738452811755743,-0.47135488256698604,-0.2691197518760991,-0.669538126598147,-0.08378349390692363,-0.6399094117947624,-0.18427831243441556,-0.7686674819259789,-0.24575547330229822,-0.9656054677865239,-0.24885290142092706,-0.7254128618910146,-0.20687579830090602,-0.6095652357166462,-0.040748798450073294,-0.7712665477645455,-0.0996638615294577,-1.0,-0.12265951919636639,-0.7098411892598161,-0.07938982938303032,-0.5861439745433769,0.108198065393655,-0.7300637722410208,0.06823760472465808,-0.9668712114371141,0.015750979447294686,-0.6819898841758026,0.03887555435886864,-0.5368316568008673,0.2709294203397976,-0.6427996304607785,0.2583509824377038,-0.8806200413218033,0.17563979744805078,-0.728396207078063,0.1530427825121344,-0.597919122618666
3,0.0,0.0,-0.23052233883850684,-0.14795959769426237,-0.3984283221880541,-0.41969289227781703,-0.32982363975538576,-0.6286126226774902,-0.1385036058996538,-0.6306883857288843,-0.27546009071599964,-0.734513809798347,-0.3650143047072489,-0.9163079088235322,-0.32974768138246124,-0.6803539565820054,-0.2601175609153126,-0.5746083425883027,-0.12892459456628713,-0.7649637994661211,-0.21123881972955044,-0.9761284300395078,-0.19635239400976232,-0.6982717582995138,-0.1349899414129767,-0.5838348079951613,0.02477009617934102,-0.7609969795931462,-0.03484189335444442,-1.0,-0.05745024254782311,-0.720299804395395,-0.0165595150364553,-0.5585951616875403,0.19357861597239456,-0.7208081593446255,0.1760375394771233,-0.9693205429183679,0.10317836252619621,-0.8300620122269391,0.08460760187621899,-0.685088144737972
3,0.0,0.0,-0.2269769887884742,-0.131198380788864,-0.39863869880245845,-0.3951071499739465,-0.3434837309699907,-0.6017786746192821,-0.16056094234585286,-0.6301347612385091,-0.2947048307148232,-0.7212966024320417,-0.3856759936953779,-0.8981665348201369,-0.3474452473985077,-0.675050897547066,-0.2825755777226171,-0.5620538115103492,-0.15028574071835546,-0.7634854517820114,-0.24262048832690344,-0.9812788128609865,-0.2200920928687643,-0.704797993500227,-0.1555244480660227,-0.5760526526105436,0.004705396864332099,-0.7624134164957135,-0.06796124618334605,-1.0,-0.07687686507127069,-0.7213680479106082,-0.03360609341655221,-0.5620928887737496,0.1750792050225112,-0.7207144453694561,0.1417152258554007,-0.9674112101604652,0.08189170207258978,-0.8202769565732724,0.07501127885170285,-0.67886752207424
3,0.0,0.0,-0.2355421013224651,-0.12825845997664292,-0.41460099825466235,-0.383972777701474,-0.3616213563478429,-0.5977626519565882,-0.1780987464288961,-0.6225333739375215,-0.32150308716831416,-0.7148089457234003,-0.42009556690269495,-0.8823567178549564,-0.37384394454440045,-0.6669537443141269,-0.3039929373790306,-0.5581588237541002,-0.17937434178316086,-0.7667926781964449,-0.2771726946200109,-0.9783319457397704,-0.2465196285761688,-0.7097951489295599,-0.17945456717587926,-0.5774554107615573,-0.02624310755322653,-0.7733315701549001,-0.10311668104183412,-1.0,-0.10352674773804448,-0.7301628784452946,-0.056725854275624495,-0.565731706085276,0.14386212470973442,-0.7399609414954872,0.10851860155182148,-0.9843736956843034,0.04806081525949664,-0.8447348399840107,0.03624260483839228,-0.6975016233741732
3,0.0,0.0,-0.23464816791260554,-0.11659851981179914,-0.4205796693822318,-0.36100183170809846,-0.37727841671330065,-0.5766522864840483,-0.2009614279270421,-0.6207893909147512,-0.3379775118296599,-0.699989671477113,-0.43566993308634355,-0.8605622567764155,-0.38520010200145766,-0.6457769470870356,-0.3175729021573775,-0.5498155162423316,-0.2033378051363686,-0.7569031003658164,-0.30395955887287224,-0.9634498666920309,-0.2655024417911876,-0.6939350563488029,-0.19755243184196075,-0.580472789593984,-0.05356663735389079,-0.7733161152383059,-0.1366867382349663,-1.0,-0.1280251339060898,-0.7255054411475514,-0.07603450076763683,-0.5745460847604104,0.11471359356153728,-0.7528813952959121,0.06821843483781594,-0.9955565760888276,0.019801937444163246,-0.8462106283418169,0.02279767590729071,-0.708716514724564
3,0.0,0.0,-0.23549213986063272,-0.10694427892598314,-0.42648168654138274,-0.34615257776831165,-0.3997617486591219,-0.5653236912099756,-0.2185059574145372,-0.6030673371960084,-0.34727192571301285,-0.6693199490971701,-0.44368192850721583,-0.8678781903708218,-0.4025414270055252,-0.639430906456347,-0.3353979322421854,-0.5219303263645729,-0.21593129046579138,-0.7316028164899168,-0.31351612047955524,-0.9735222184376203,-0.27724041324678406,-0.6978502257208823,-0.20723378311627563,-0.5647117524271885,-0.06860298066571081,-0.7562778787820704,-0.1529090962557085,-1.0,-0.14171014031375315,-0.7228081608822776,-0.0838619242284065,-0.5582457977128014,0.09580723118773389,-0.7452658379936122,0.04773086789467938,-0.9946095812707683,0.0038324749721204737,-0.8609901288559733,0.015689443686928786,-0.7256961785851666
3,0.0,0.0,-0.22649959268354006,-0.10569819541892504,-0.39995141896300906,-0.32771609008326197,-0.3701710729131755,-0.5358624679604896,-0.20722647793079832,-0.6104668525694525,-0.31975084450928404,-0.6738862809439422,-0.4150587584721702,-0.8717135695160321,-0.38318049534646725,-0.6565881703227792,-0.3220894762423882,-0.5279600175144861,-0.19359117304949935,-0.7269050837037151,-0.2929931833211272,-0.9445208695226767,-0.26007149882478187,-0.6786448373277606,-0.18929627836642127,-0.5474553491348267,-0.052189566321755906,-0.7533173716880134,-0.14472719289470692,-0.9920626228064603,-0.13444035302544735,-0.7177789801341041,-0.07078130525758294,-0.5502757752703538,0.11018987250885277,-0.7498111886801316,0.052960388687238645,-1.0,0.007235434755253555,-0.8641084223600307,0.024063798876453994,-0.7290780872019879
3,-0.0,0.0,-0.2928491621039057,-0.027059153559045757,-0.5500770660421953,-0.284267369092395,-0.5285029084431073,-0.6079268561462774,-0.3407915347420579,-0.7108239934060904,-0.545726712397867,-0.6294182947794096,-0.662964754711984,-0.8516252294137208,-0.5623355188231295,-0.6350042687412866,-0.48952807400553267,-0.5309307147047763,-0.383957463454724,-0.712245155038581,-0.49820637247732513,-0.9740765953648238,-0.4198799957137374,-0.6931021235258825,-0.3503216449067526,-0.5526945633997071,-0.21128604845505503,-0.7568231158657559,-0.2995415598712867,-1.0,-0.25774358337822784,-0.6613215336926245,-0.19546067455518498,-0.48049833520012,-0.017757096909187853,-0.7818177995353351,-0.12398374171173482,-0.962388783566425,-0.12250605084164012,-0.7243305158472755,-0.07760823412436764,-0.5692344834620165
3,-0.0,0.0,-0.29202505653987015,-0.022449302234726253,-0.5622236900060767,-0.25893227338732633,-0.5668684911692913,-0.5903852197881755,-0.37687391048401775,-0.7107343855519397,-0.5648214267391117,-0.6394304931082354,-0.6901753828578638,-0.8646696213206331,-0.5861805004239302,-0.6393263632179784,-0.508512143483388,-0.5318759075737014,-0.4055117205032134,-0.7214286962975743,-0.524896734691861,-0.9736884859323939,-0.4413484592766621,-0.6851117819170465,-0.3678111897067983,-0.5481965577090512,-0.2335632488373746,-0.766993504043014,-0.3258169160906903,-1.0,-0.2760440636651669,-0.6609703689656443,-0.20697373836566998,-0.48230399923384726,-0.036394109212493,-0.7966093369548239,-0.14699378146936395,-0.986195188819034,-0.14316862315582735,-0.7506880553514973,-0.09319045622953268,-0.5911916563835233
3,-0.0,0.0,-0.30090620898905984,-0.00029347992976877974,-0.5960637334915179,-0.2255665210787144,-0.5965495617536352,-0.5639517129199724,-0.3849762166055628,-0.6823425364031258,-0.5911453951318214,-0.6375403889005664,-0.7272215004831843,-0.8588328488270529,-0.6268237917418071,-0.6307291616502184,-0.5494413116626544,-0.5237147458178638,-0.43378198558246794,-0.7333485550079404,-0.5545847646145545,-0.961452714321084,-0.4726478688427996,-0.6672480553177562,-0.40197265159871964,-0.540748857288491,-0.2624478737907881,-0.7878921965499678,-0.35512020496003743,-0.995837363016732,-0.3073320785838781,-0.6560133829869647,-0.23819347617156375,-0.4847168532454933,-0.0599819436189928,-0.8261905719666989,-0.17789685370252126,-1.0,-0.17500388568182432,-0.7636582896465607,-0.12432014732163682,-0.6110080280169463
3,-0.0,0.0,-0.30826986295423964,-0.008617617427816245,-0.599700371836666,-0.20686013138787293,-0.6141783384391388,-0.5313719577432721,-0.42226734698384344,-0.688867592488945,-0.6129060752613251,-0.633311402356514,-0.753722174121295,-0.835540137875787,-0.6465568937512708,-0.6290813129040193,-0.5519491917140505,-0.5033665572402303,-0.45308151165349664,-0.7382864406405368,-0.5800959442161236,-0.9656487990124969,-0.49233672273534107,-0.693026292042939,-0.41531863500991084,-0.5434309490249473,-0.2744629385529058,-0.7964324659175106,-0.37542129558768544,-0.9953845954686642,-0.3238331463869858,-0.6725362489348627,-0.2524387741193152,-0.48848147784324075,-0.06341593239776395,-0.8312801598524533,-0.18399746879975876,-1.0,-0.18795951298001615,-0.7665517955606524,-0.14655165849204735,-0.5994217608594506
3,-0.0,0.0,-0.30046926070460683,0.01897918369307371,-0.6092094071922908,-0.20791693586533644,-0.6179368638867361,-0.5408642179041209,-0.4294499824978036,-0.6922497134517602,-0.6209156012878178,-0.6258086472624341,-0.7643192355773211,-0.8174093871203645,-0.6406120666664549,-0.5679366489638755,-0.5561499055180417,-0.4706085512760157,-0.4587448093793084,-0.7303601154004938,-0.6053157525187558,-0.9513923917681181,-0.5008921167603014,-0.6422291275795182,-0.42266897936123804,-0.533426578706527,-0.27904117118381566,-0.7924676826101428,-0.4079391009533791,-1.0,-0.33215692658066887,-0.638504981631571,-0.25378483829484316,-0.48874280779336454,-0.07011064041966399,-0.8392782553945171,-0.2147619486364266,-0.9816365235797477,-0.1873442393291267,-0.722105862777921,-0.12246874601107843,-0.5902460156572238
3,-0.0,0.0,-0.30683829948891,0.009028447727732423,-0.6135059427890168,-0.1805406869374768,-0.6334273549933314,-0.5134938717524948,-0.45141388700172835,-0.6883130401764969,-0.6247123340208603,-0.6066773077692209,-0.7816042942330432,-0.779901361295864,-0.6547361724080171,-0.5515067499440856,-0.5615620952645438,-0.46133534313544794,-0.46777739939068,-0.7253974799419292,-0.6417924687045964,-0.9434953252428102,-0.5242087311411542,-0.6480868839593306,-0.43086266082698443,-0.534170105734258,-0.2918582768633564,-0.8006251536335444,-0.43672924187587725,-0.9970827055089193,-0.34671216097720386,-0.6518911704378788,-0.25360808438571314,-0.5033408312551223,-0.08269586354991994,-0.8572744134326189,-0.24516972316643915,-1.0,-0.21300805073196893,-0.7515384364149557,-0.13982758281504593,-0.619907125597798
3,-0.0,0.0,-0.3136975158795413,0.03072179200025028,-0.6340106192752262,-0.14832043970955863,-0.6453319476720597,-0.4980797902346076,-0.460243416235114,-0.682792022736316,-0.6492713057641488,-0.5835879306687054,-0.8093284789564915,-0.7778995499859707,-0.6731903873170932,-0.5299104371383292,-0.5845730146051696,-0.4408383576589885,-0.4873624563355386,-0.7048086878224424,-0.6642037938832115,-0.9285110235350591,-0.5354201027123049,-0.6124047643023414,-0.4446121012028074,-0.5152753512954401,-0.3089515934289935,-0.7850344671835848,-0.46324197810642154,-0.9946307255070845,-0.3589059858807243,-0.6289683699676495,-0.2634145339964433,-0.4879336994320809,-0.09735026499305377,-0.8566357760664491,-0.2652868387272121,-1.0,-0.22420005924581832,-0.7385284551017396,-0.1458053276264424,-0.6108572361532453
3,-0.0,0.0,-0.31583889271104976,0.035935733737666,-0.636942020722966,-0.1427736209868457,-0.6568671788405873,-0.4976360448061156,-0.47450452811462346,-0.6856798104906725,-0.6630751888236961,-0.5618164558628171,-0.8272322609061573,-0.7637875776148589,-0.6918465647112352,-0.5183114684340373,-0.5981478520089002,-0.42178516434920604,-0.5050686633407974,-0.6878118493622448,-0.6798425130024411,-0.9195949744980451,-0.5548340162799168,-0.6100385485986989,-0.4578932882375106,-0.5035352259381659,-0.32794519977415415,-0.7748174039595316,-0.48419560496467917,-1.0,-0.38475526885201716,-0.635766722630436,-0.28552700700444267,-0.4823837893928684,-0.11784806799263997,-0.8511211155243863,-0.2842232266799838,-0.995654589467836,-0.245988073548416,-0.7295459822977417,-0.16652584044864266,-0.5905567917004407
3,-0.0,0.0,-0.3166463672441792,0.044513990986575956,-0.6493002504796589,-0.12273403192174272,-0.6804000067264359,-0.4775519216786621,-0.49320850189461274,-0.6655160657717304,-0.6865246668011954,-0.5583782563156429,-0.8527893488489787,-0.7538875195787329,-0.711965008119769,-0.5054936563303769,-0.6259128734373048,-0.4198114756198731,-0.5279298232548902,-0.6881904606327334,-0.70568419864126,-0.9152215840115823,-0.579123505369938,-0.6066432362484425,-0.48775688578832227,-0.5122961649706439,-0.34830495818399043,-0.7797089254999183,-0.5070015991300476,-0.9968418783091663,-0.40251502637723774,-0.6319209219381103,-0.30411998199877643,-0.48982146117405134,-0.13680699693466708,-0.8605802031383628,-0.30565304883712735,-1.0,-0.26095588258846064,-0.7368152848645584,-0.1774734065553922,-0.6079520885583326
3,-0.0,0.0,-0.32730967927291127,0.07307219026126431,-0.6552869354765543,-0.09641224908650056,-0.6934814494531673,-0.45672417731922194,-0.5212189133310638,-0.6561165535784126,-0.6963448579411822,-0.5269826135749225,-0.8822751479519672,-0.7373629342161887,-0.7428098061676998,-0.5000739708750918,-0.6393490726463469,-0.39350850399422294,-0.5354019091024635,-0.6614419457364373,-0.7283566736646111,-0.9102686287066662,-0.602560413975346,-0.6135904522808163,-0.4951620595616756,-0.4988009362015506,-0.35369419132464675,-0.7608520586584953,-0.5234247575206107,-0.9877674241257031,-0.4254868080504833,-0.6383504658326076,-0.3191773784803603,-0.48866406556189873,-0.14190147651588186,-0.8518061971246172,-0.3226063985215633,-1.0,-0.2805016451367828,-0.7430715649825964,-0.18997856070658942,-0.6086337906313639
3,-0.0,0.0,-0.31799633163912194,0.08730285933438794,-0.6517892663237357,-0.0668829849303637,-0.7147655205151405,-0.42367707793713166,-0.554973998059514,-0.6421395800683545,-0.7082173000913001,-0.5004724466110797,-0.8945072306205917,-0.7146841558456426,-0.7465836038333798,-0.4839323176787437,-0.6438279991773582,-0.36990504865729895,-0.5501136856600699,-0.6427512461264897,-0.7405102832267347,-0.889353453439579,-0.6003896917914496,-0.5946559357979605,-0.4962778730212337,-0.478662013207244,-0.3741044264424545,-0.7482993148604187,-0.5395967910428539,-0.9719302111924258,-0.42073026630778987,-0.6169543527849409,-0.31324753790101234,-0.4635120344070335,-0.16960710677456958,-0.8472849550184215,-0.34262733877427193,-1.0,-0.28506367500906665,-0.7348492034644176,-0.1938462142327659,-0.5952416387580399
3,-0.0,0.0,-0.3238679207519635,0.06185383088461049,-0.6480359588077317,-0.11630327818720208,-0.7193206254550272,-0.46071866817003015,-0.5571694000640873,-0.6668115777412525,-0.6884792546199676,-0.5179293165839295,-0.8789675883471583,-0.7349908329098435,-0.7534145201099929,-0.5292439624505909,-0.6385398978219449,-0.40324630608835804,-0.5350486009189644,-0.6523782111992724,-0.734965332082743,-0.9010549621053645,-0.6131934980409066,-0.6359173765074189,-0.4937298444408908,-0.5046012229424541,-0.35932859878136525,-0.753629803984997,-0.5289170235597164,-0.9850429013317121,-0.42848958499486633,-0.6548000785953779,-0.3128759467055065,-0.49076229998360227,-0.1535710606454371,-0.8425373709033328,-0.3232468587756067,-1.0,-0.284256805317339,-0.7545969050733236,-0.19706145130388472,-0.6144415146150218
3,-0.0,0.0,-0.34095408941389743,0.02390008099044808,-0.6406094901002787,-0.15225278518493623,-0.7023996979737496,-0.4958474912330783,-0.5417029366156417,-0.696654296563898,-0.6645578695316229,-0.5238838305775215,-0.8382090777120907,-0.765156176530399,-0.7306599207160969,-0.5615359870173791,-0.6256294267910848,-0.41829870955621884,-0.502974630539567,-0.6511151053474524,-0.6707599930731986,-0.9285623798010285,-0.565519702795544,-0.654596919827305,-0.45291943447758043,-0.4777005595273756,-0.32861796325675985,-0.74031286723795,-0.4724355263609369,-0.9896662467050149,-0.4084405952823089,-0.6873242452437859,-0.3073445124770469,-0.493084820413819,-0.13120633707743518,-0.8129183034890894,-0.28992950339442447,-1.0,-0.27881925204028213,-0.7831425159201221,-0.20625567443791934,-0.6202612563289824
3,-0.0,0.0,-0.3274668340146717,0.008408642414094112,-0.6183738790385223,-0.19834367113737655,-0.6685261330069651,-0.5378747299059708,-0.49926671237012066,-0.7109831546586046,-0.6358489565286789,-0.5720741982191515,-0.7978435107787284,-0.7833596797387468,-0.7051516516940763,-0.5901616623367353,-0.605125032654176,-0.4574814620941402,-0.47839451003369265,-0.690643630539623,-0.6394216579844975,-0.9503315483209929,-0.5496272590865356,-0.6850205194628803,-0.4396110150281086,-0.5118226705985517,-0.3082490768844124,-0.7651763474215966,-0.44288867639922214,-0.9989943257327796,-0.3903368423870289,-0.6998476716766971,-0.2921347924731071,-0.508395407249004,-0.11415771062377283,-0.8177278840143495,-0.2633045381745287,-1.0,-0.2614684688301948,-0.7905080568447862,-0.19431710761577176,-0.6331381766106378
3,-0.0,0.0,-0.31320215160920906,0.004909096740279977,-0.6004578407874893,-0.2190636753046014,-0.6388017134024618,-0.5589683172297699,-0.4632039703001896,-0.7248585527756745,-0.6183644179563076,-0.60263039427656,-0.7531955182760843,-0.8056227080582482,-0.6613473214788578,-0.5920583240508389,-0.5838199472462281,-0.4722285887270884,-0.4610556660241929,-0.7111731964843334,-0.5882073925681638,-0.9625709485040582,-0.507435317179707,-0.6791024388450491,-0.42588423582125046,-0.5262727512374921,-0.2892174309601437,-0.7754255932452644,-0.4016580008322956,-1.0,-0.3519425184137573,-0.6785993654528502,-0.2730934642895137,-0.5007247385778384,-0.09318620579603126,-0.8180502342004643,-0.22853074409101434,-0.9818234547775643,-0.22333671909711575,-0.7590584499903004,-0.1664946080701381,-0.6130004529127216
3,-0.0,0.0,-0.30294302758847036,0.0035137170106376817,-0.5848031739289921,-0.22659690715678515,-0.6094257389424098,-0.5576351912272911,-0.43470123752340867,-0.7199675656891326,-0.5728433113886905,-0.5910723594030542,-0.7193060408903991,-0.7992810394424388,-0.6269622758074792,-0.5870452921983899,-0.5326456165414986,-0.4743863544220708,-0.41981543332625443,-0.6899957526497673,-0.5609501515531787,-0.9320169121763808,-0.4783645770990598,-0.6510747726702318,-0.37875378882946886,-0.513622989748441,-0.2515946869509817,-0.7555097785586038,-0.38782053014653356,-1.0,-0.33461387725157826,-0.6800345579859838,-0.24028920593856787,-0.5152058999555958,-0.055778326930131086,-0.806374210861633,-0.20793028553777246,-0.9814483464293299,-0.19815964245033496,-0.7607976330675522,-0.1277852964457401,-0.628378477518003
3,-0.0,0.0,-0.30359393684754854,-0.011632354050181528,-0.5657902482605143,-0.2408006559334894,-0.5793816880360625,-0.5630287521103914,-0.4080026155771122,-0.7264066133547566,-0.553853551536642,-0.611956646366895,-0.6900351629291386,-0.8114877047098856,-0.6029207277752897,-0.6078191635078128,-0.509124316479444,-0.489321169630064,-0.40021917674344876,-0.7052183418210696,-0.5419151234069143,-0.942180374783959,-0.46388816426347534,-0.6698082064020463,-0.3619574158806084,-0.5161467062504521,-0.23180657965005594,-0.762622718199461,-0.3617925475674902,-1.0,-0.3125486717423791,-0.6800086878098255,-0.21679240520745321,-0.4946236962513909,-0.033044265506855595,-0.8013688879449521,-0.17891020698379867,-0.9840075812491055,-0.17982313881565684,-0.7623634882672244,-0.11551757107613415,-0.6107687095716733
3,-0.0,0.0,-0.30809302005513767,-0.02784656842435251,-0.5635213164986206,-0.26138266571282065,-0.5784346699124192,-0.5920443700865103,-0.3963211937793567,-0.7284963401655659,-0.5361538693125858,-0.6206677782126474,-0.6584966603443307,-0.8419371102002742,-0.5865815469030828,-0.6341333501546654,-0.49981577774050323,-0.4855032134956783,-0.385327115174992,-0.7129973941271568,-0.49741520160987795,-0.9672227741721826,-0.43308775144187966,-0.6915511514249627,-0.34512699866815194,-0.5144988891708373,-0.22220520973859553,-0.7656538026484996,-0.3223513928493091,-1.0,-0.2882951723254679,-0.6999349607016407,-0.20648433680703399,-0.5095206350435181,-0.031047304739935992,-0.7950169670851451,-0.14975582785086933,-0.9861834739013687,-0.1552417803659691,-0.7747819558717202,-0.10131717720843303,-0.6170540590782387
3,-0.0,0.0,-0.301550651221337,-0.024914398797716557,-0.5568066815057613,-0.2604201470057981,-0.5594391455812077,-0.5879549907713751,-0.37560913116759576,-0.7167046961168966,-0.5121656661613673,-0.6181494114829995,-0.6280806416899052,-0.8330489121775921,-0.5569329287211018,-0.6404927461424721,-0.4668472949088365,-0.49814840523213183,-0.358073253199738,-0.7030232248290538,-0.47413609170299575,-0.9535443789242619,-0.4137463185659807,-0.6884594206044773,-0.321213818060526,-0.5145063174851927,-0.19295186487168903,-0.7500255755428863,-0.2977579239926544,-1.0,-0.27273796202521033,-0.702930519309302,-0.19070028538392664,-0.5108575400334112,0.0005138401421422522,-0.7744375011064101,-0.12083051101704943,-0.9779452170939661,-0.13941717577059717,-0.7717744768194273,-0.08825602748928296,-0.6153270641419708
3,-0.0,0.0,-0.29829686632924796,-0.05946481735956927,-0.5330282451440209,-0.2947672299279667,-0.5286838432522188,-0.6066559880431867,-0.35902839081041876,-0.7540855935037797,-0.4890393193692824,-0.5999929135265925,-0.6056263019829062,-0.7997211401133585,-0.5355382167605476,-0.6254208264653297,-0.44936106315712054,-0.5013394508448382,-0.3390220774068375,-0.6916845424151381,-0.44886706795910103,-0.9367661093346213,-0.39021021593880295,-0.6861908254864658,-0.305388350374572,-0.5200965048833138,-0.17624882540808512,-0.7444828851824883,-0.2677694662829711,-1.0,-0.2458608105672919,-0.7087529220518347,-0.17567725480041466,-0.5180312273682466,0.01311999707951399,-0.7694343401553763,-0.09627707824701406,-0.9722577092688388,-0.11445361411038542,-0.7693713492806424,-0.07073172848570831,-0.6126862905908633
3,-0.0,0.0,-0.29686195121581266,-0.08603910276659138,-0.5241169530862395,-0.32009713167716347,-0.5031350151829976,-0.6274660135252756,-0.33170436004330994,-0.7687330605561473,-0.4829682694134162,-0.6056284060771497,-0.5830705829047049,-0.8250883756811713,-0.5108005020962714,-0.6331580723157612,-0.4339092942661939,-0.5023501590612345,-0.33166723370316814,-0.6957382665332588,-0.42673994224517175,-0.9448272602224864,-0.3631989606741226,-0.6812660487644336,-0.2846288662321209,-0.5204233672655736,-0.1708189082951179,-0.7476191962755844,-0.25091453375401623,-1.0,-0.22117439520662793,-0.7078647345449043,-0.15328275332465935,-0.5305257001578002,0.018033921305210438,-0.772630268038066,-0.08517399731103001,-0.9774710136760738,-0.09133291321484299,-0.7737474974994837,-0.04554590623456192,-0.6286588184581934
3,-0.0,0.0,-0.29207558589141197,-0.06853296890918573,-0.5253712055220667,-0.3178024619026837,-0.5146680338433373,-0.6394205459117807,-0.32999517684265534,-0.761916521925057,-0.4841536070992375,-0.6322858600781481,-0.5782108899613269,-0.8623979409004094,-0.4984507607154801,-0.6406127959436948,-0.44043844663034853,-0.5267686990979307,-0.332298265245872,-0.7124643889922995,-0.41722970537418946,-0.9653558217074083,-0.35131659183710073,-0.6721438134347175,-0.290990946953006,-0.5252954645440788,-0.16969108934428623,-0.750883835231239,-0.23303986744845306,-1.0,-0.2046534412867192,-0.6749742313631477,-0.15122444544240643,-0.4985646579145322,0.01666367453903944,-0.7631968653521467,-0.05876260254264617,-0.9647061988561574,-0.06869249532190663,-0.73848974511996,-0.0381621554994368,-0.5875400420527274
3,-0.0,0.0,-0.28126812715976585,-0.07721894386390994,-0.4970315266622365,-0.33232010719909705,-0.47625349550194274,-0.6494048094277216,-0.2997249415870575,-0.7727461716378857,-0.4596913512601416,-0.6285733530986513,-0.5426483292111898,-0.8649154437716767,-0.46483127989779294,-0.6495330298327852,-0.4143189368032396,-0.5340922670615628,-0.30772623678410915,-0.7032249825321069,-0.380158371005913,-0.9600754995937123,-0.3263642693838907,-0.6840378246775727,-0.27938982644598853,-0.5368512282574522,-0.1460650952771638,-0.7359305031727712,-0.19706847978297584,-1.0,-0.18105793972375853,-0.6785752080205112,-0.14141270335969944,-0.49114980024115695,0.036778976059198845,-0.7404622396890707,-0.03185426537144682,-0.9386937212861088,-0.053108635336552065,-0.7121645091731442,-0.034230659618761414,-0.5510786498835845
3,-0.0,0.0,-0.27961026780200643,-0.10276816893110813,-0.48754491620260815,-0.34771375972778124,-0.4510319735964745,-0.6583922437077973,-0.270078137000961,-0.7908806295572647,-0.4328454232600499,-0.6201605710408995,-0.5194778858157686,-0.8465502064186677,-0.4441802320469472,-0.648861353095151,-0.3882059964905234,-0.5446931397567452,-0.2791928374928967,-0.7013887202042599,-0.36853746378222224,-0.9638622785322875,-0.31430449550333345,-0.6911587909856607,-0.26150471459758196,-0.5488147562234365,-0.1184611280479982,-0.736849469866501,-0.17984087442006225,-1.0,-0.1656557705709622,-0.6803049187069334,-0.12283347639690545,-0.49805983216231037,0.0635064128859167,-0.7401470025245104,-0.008323545823507335,-0.9468908562363344,-0.03381985211480347,-0.7280963056754785,-0.013933644959891451,-0.5712188024193424
3,-0.0,0.0,-0.2861309940614408,-0.11227921916646919,-0.49186183867329764,-0.38426348675955535,-0.45107695747769405,-0.6946636474238969,-0.2638445965874873,-0.7789228812023324,-0.4289606792485319,-0.6615923627156242,-0.5162444468618478,-0.9036190798912582,-0.44998196580723954,-0.7096385406011748,-0.38905926214314535,-0.572367838180366,-0.2734082398619239,-0.725601712717768,-0.34862902608716506,-0.9960252311339958,-0.3028568128228502,-0.730172761614197,-0.24777320206085834,-0.5536204731092113,-0.11046799269384427,-0.7474576360378123,-0.16257279132467767,-1.0,-0.15746080291280035,-0.6979030732662697,-0.11351581871741304,-0.4993136999736626,0.0749188504459462,-0.7382387602896479,0.005993813422149612,-0.9488383624763185,-0.02679766308608215,-0.7465427706265486,-0.008930138875793024,-0.5844193028751447
3,-0.0,0.0,-0.26843143489843424,-0.11427735252375959,-0.47172510075421087,-0.3829013059228204,-0.4128094473806461,-0.6839794734262566,-0.2302554615268121,-0.7666047156868572,-0.4120446451221671,-0.6487733290648182,-0.48346942819788785,-0.8876629687778563,-0.4157490038001287,-0.6834600468897669,-0.36652772825533386,-0.5651724946595635,-0.2586892119988728,-0.7114740946498508,-0.3291126033341704,-0.9741826720010326,-0.28702962863918074,-0.7104285320844731,-0.2453451498676952,-0.5663857945348948,-0.1011708583421675,-0.7322230401412955,-0.1431786308098613,-1.0,-0.13833793173187334,-0.6899617047733885,-0.1052834976200472,-0.5081544295110314,0.07763755338040201,-0.7196262876634161,0.016288750513595667,-0.9267259530194952,-0.01371875533165021,-0.7122711663717685,-0.0016299873094743783,-0.5562727523679716
3,-0.0,0.0,-0.27170313500717475,-0.12433501690325824,-0.4779074820225539,-0.3866961223844539,-0.4248628687707237,-0.6828386123924799,-0.2446894989014909,-0.7862033741659843,-0.42266431020924367,-0.6511009412317895,-0.5014037406059231,-0.8750887319718846,-0.43863776763492207,-0.6776808081135639,-0.38126932524787394,-0.5607667674646734,-0.270759349488038,-0.7208444332746922,-0.3464622331757858,-0.978463384380903,-0.3012404640491613,-0.7027388953295122,-0.24820679535302273,-0.5473549035663038,-0.11426772815345078,-0.7467363334927726,-0.1632767594386659,-1.0,-0.1575624042351377,-0.6967596818782479,-0.11536818296054285,-0.5185546700824489,0.06739266228343967,-0.7390218810043049,-0.00046100900696398025,-0.9468840444592174,-0.032520997332771244,-0.7448388718189851,-0.016150961904839115,-0.5965493031966209
3,-0.0,0.0,-0.2784979220023936,-0.12111469548789505,-0.49448061600206883,-0.38001943007813155,-0.45759426895590716,-0.6689384665972186,-0.2744954461871844,-0.7747622562361465,-0.4381228242953021,-0.6596101111174864,-0.5414748622348295,-0.8864238464955561,-0.47359612646747556,-0.6791074809701776,-0.4096550941702126,-0.5595022168070989,-0.28474491805282465,-0.7258956259893631,-0.37715709382335144,-0.9654317227151982,-0.323631487129158,-0.6860860713126453,-0.26185906870533493,-0.5416665786239558,-0.12476961931577973,-0.7534679211100468,-0.19635248801386535,-1.0,-0.18126309161247706,-0.6899191800422507,-0.13119467836263965,-0.5146202642029011,0.05834915528572406,-0.7527417719210502,-0.029997600903854598,-0.9546393659494463,-0.05195944877352711,-0.7458751719067792,-0.022260190754150023,-0.5951879592680286
3,-0.0,0.0,-0.26396592237398286,-0.09415932064785723,-0.49153756755796657,-0.3523575915071199,-0.4838117884907904,-0.6480118377747576,-0.29978388346915824,-0.7647089908438152,-0.4146370976763163,-0.688738950299613,-0.5093072202615643,-0.9206522515740437,-0.4693860040429532,-0.6843395583543902,-0.41990236706580053,-0.5615246499623474,-0.26582485652038673,-0.74291827642115,-0.35266904436816005,-0.9770962665991585,-0.32139489504383395,-0.6752980433078251,-0.2581424595329795,-0.5371212277337065,-0.10991731985030055,-0.761925962266251,-0.18043168296728934,-1.0,-0.182007631236605,-0.6842645017431818,-0.12862113066530068,-0.5155637822020728,0.07067678530288911,-0.7613787546648766,-0.014320175946809881,-0.9827179747031957,-0.05229449102917128,-0.7755560343711166,-0.024522863278208153,-0.6251170855068812
3,-0.0,0.0,-0.2658818535588452,-0.09099185547608644,-0.48626570409767617,-0.34663067595605446,-0.4950357658883987,-0.6193226471211289,-0.34101408493873686,-0.765849367414146,-0.41376660644624086,-0.7023862869198649,-0.5323831787860207,-0.8961906443415282,-0.4853365365044493,-0.6760328399004567,-0.41834403992587094,-0.5615416886633252,-0.2692614502485469,-0.7667284887844579,-0.3825126205080322,-0.9794844808019656,-0.34351966864451683,-0.6894530498583301,-0.27489224896551184,-0.5592993464937074,-0.1108090422908942,-0.7907568218110219,-0.2083973411487388,-1.0,-0.20188694215023797,-0.6916511725582591,-0.1413322895197143,-0.5372082891870307,0.07566877158792115,-0.788893777330865,-0.03156320295188107,-0.9862071971098026,-0.06503558549850429,-0.7763588347706789,-0.03278929550402932,-0.6322926007098422
3,-0.0,0.0,-0.25817349600661327,-0.05241034581474417,-0.5175553010881697,-0.2599283023844523,-0.5759468813628015,-0.5305213436306849,-0.443554451910489,-0.7007267867309555,-0.44792200753323536,-0.6922374223597489,-0.5820897490744285,-0.9090831454313276,-0.5284754365706088,-0.6709946315244347,-0.44189549967995007,-0.538134189373056,-0.3044837546519819,-0.7632435531652776,-0.42495464619204926,-0.9882593144176861,-0.3668144418104211,-0.6728400651036222,-0.2855057592902933,-0.5369239503488383,-0.1412488058438864,-0.7902467600976555,-0.2501047801626947,-1.0,-0.22420317219329086,-0.6790996947463565,-0.14978666019061465,-0.5301819942165853,0.05771907336702167,-0.7915371724313179,-0.06601383451971604,-0.9640115925619755,-0.08783778133031403,-0.7432775846041513,-0.04073383104580735,-0.6103054466385108
3,-0.0,0.0,-0.2475070019436171,-0.07701732808472682,-0.46691274011594475,-0.2837652449089597,-0.5311104788453066,-0.5363963760364857,-0.4437301691631162,-0.7375801036755852,-0.41898244021786757,-0.6822411141643947,-0.5340986850872107,-0.9292769930478774,-0.5074737419611205,-0.6967036692225411,-0.4333310223618009,-0.549035664593395,-0.2907671885260564,-0.7373613116954367,-0.4094431549023209,-0.9922947106963768,-0.3682586409326481,-0.6859068552419437,-0.28061384506046344,-0.5407514319019716,-0.14479527193232034,-0.7611172737018642,-0.2600002791173409,-1.0,-0.23777345996256827,-0.6868054330040348,-0.16138121966474706,-0.5316679632117343,0.032606832912556435,-0.7617332826720353,-0.08069372364141886,-0.9671414362598036,-0.10445306206729309,-0.7505130656928173,-0.06037353103244604,-0.6050969827715572
3,-0.0,0.0,-0.22969104321656492,-0.0658817424230014,-0.44801183500150943,-0.26538611626606257,-0.520379455457709,-0.49999297938513454,-0.44596817789301985,-0.6912735073587745,-0.4040820195032681,-0.6715845586256445,-0.517819271236775,-0.9413588517082326,-0.5050935292162888,-0.7310920215392465,-0.4383349412491546,-0.5790549755097552,-0.27989575264501665,-0.7249701916393838,-0.3967878200522802,-0.9904583993466147,-0.36742387898332135,-0.7029806020411268,-0.2850911539082593,-0.5522228436766492,-0.1401583119399597,-0.7476946055935579,-0.2514062437838306,-1.0,-0.24214502893663428,-0.7122980549386515,-0.17229225123036276,-0.5541140218060298,0.02766297772358903,-0.7490579943741473,-0.07547197546061084,-0.9596440431252969,-0.10809158041061236,-0.7645296743838825,-0.0702765741973682,-0.619648463187406
3,-0.0,0.0,-0.2413813822857107,-0.07784909847843911,-0.4437274179261112,-0.26214353775549454,-0.522941881362683,-0.4660430098484689,-0.4777466250826009,-0.651095985213376,-0.4016159517582412,-0.6821490889896357,-0.5174454777328464,-0.9540121161224999,-0.5153646172176897,-0.7425443289057932,-0.4537789444018616,-0.5935680543236841,-0.284811124514125,-0.7326971384155062,-0.4083285699918578,-0.9930802758457677,-0.3779732057780563,-0.7032138776307992,-0.2928984828710051,-0.5634609189139127,-0.15527737988566845,-0.7588017175302519,-0.27306475284507853,-1.0,-0.2586518569361165,-0.7109102489873401,-0.18623346490762052,-0.5619861770292545,-0.00024233381383422095,-0.764904452862522,-0.1082717223996559,-0.9780740456223945,-0.13656270366125767,-0.7791665648656312,-0.09686534251455566,-0.634672897647629
3,-0.0,0.0,-0.22340575275482416,-0.045710709654653854,-0.42437649176145315,-0.2208794199071876,-0.5157741286149679,-0.4188025478200199,-0.47654759491619586,-0.6057764819719306,-0.3862747852596339,-0.6419264369926697,-0.5067391460051973,-0.9273604294779668,-0.5177813955379135,-0.7449252110900356,-0.4578667524309956,-0.60278556161578,-0.27505792825496783,-0.6952318388456549,-0.4038829283724974,-0.9901040095284686,-0.39610067279461275,-0.7270684583520804,-0.3183853454719725,-0.5758762659663932,-0.1473794637388067,-0.7229061137780339,-0.25835911840095616,-1.0,-0.26776729198854793,-0.7421182590910511,-0.20358079439486232,-0.5855730783706584,0.004170018564142528,-0.7308591329193158,-0.09449357334440231,-0.951139359383603,-0.13561419989596557,-0.7801339615957585,-0.09998462436578966,-0.6379723271769036
3,-0.0,0.0,-0.23224724198254426,-0.04269470156564607,-0.4362891868126839,-0.2252645467819833,-0.5510634183081936,-0.415788267186357,-0.5951409710035471,-0.6061917876121516,-0.40318601622120764,-0.6150764544921089,-0.5322809310591093,-0.8863203188828239,-0.5404625245551877,-0.7190599810299071,-0.47691409161416304,-0.560838488584517,-0.2936730149807494,-0.6756921182310147,-0.4281017349460899,-0.9746180928260876,-0.4286243705180881,-0.7435204699047236,-0.36007771369715974,-0.5646626950130931,-0.1696233288308884,-0.7062533073947661,-0.28264280605195863,-1.0,-0.30067886797534854,-0.76731207071067,-0.2462174569240908,-0.5837793161475852,-0.023114993472396806,-0.7134916343158257,-0.12027089932328239,-0.9423625250652106,-0.16828631083521478,-0.7873809182809693,-0.14405236859433707,-0.628101610886479
3,-0.0,0.0,-0.2237416840219232,-0.030433448666088027,-0.4179993601564422,-0.204358163383899,-0.5118402450436191,-0.4041937517727894,-0.5060393781434965,-0.5963343354200568,-0.40056746003454263,-0.6020932064826505,-0.5262561185214619,-0.8958568804180386,-0.5572159801277371,-0.7644142341054475,-0.511928840913489,-0.6012691951323337,-0.293237888839948,-0.6607688558868886,-0.42590887851999415,-0.9921628930639479,-0.4475672899583767,-0.7932477250743194,-0.39337766103275995,-0.6160583571925964,-0.1739531072524858,-0.6931885960512472,-0.28388390899488053,-1.0,-0.3210276925575423,-0.7970821822264965,-0.2790258556233333,-0.6107327687660353,-0.034307808839970325,-0.7050827659825902,-0.12641207515664377,-0.9413359308433197,-0.1851676701253471,-0.8083827598297118,-0.1714427746719616,-0.6467979150531638
3,-0.0,0.0,-0.24233410796509777,-0.040877363137000314,-0.43329422266601,-0.20806641016583446,-0.49466130265057723,-0.42335680441371626,-0.45679158118666924,-0.6150777449117757,-0.42803779952163024,-0.603215306821009,-0.5481669138636809,-0.8723160497598885,-0.5861312647033552,-0.771479745101596,-0.5599463055512344,-0.6208705649851092,-0.31847074155173083,-0.6633096638214206,-0.4421233259445668,-0.9612567118060957,-0.47125611651150634,-0.7947280346124492,-0.42771200209363985,-0.6143259748931699,-0.19817651720092483,-0.7000016426761075,-0.3011878233053339,-1.0,-0.3461795284929893,-0.8256387763663555,-0.3137089464352805,-0.6304071421872359,-0.05764255761019549,-0.7169491461173033,-0.14977829488535244,-0.9455354590591762,-0.2164468663075056,-0.8316427575393217,-0.2203460458680097,-0.6691738771255807
3,-0.0,0.0,-0.259795796007618,-0.06302649639163874,-0.44389926190770784,-0.23805977009633475,-0.47912776061896606,-0.45128625561837055,-0.4132466925764081,-0.5965513438413871,-0.4459992489566916,-0.6047073764131929,-0.5734579184479132,-0.8368471878371456,-0.5757749361988999,-0.6798771127790684,-0.5210772730478945,-0.526180204718564,-0.33813289419366627,-0.6682081170494347,-0.47250901078519003,-0.9421195089714696,-0.47447609092075943,-0.7515974847276298,-0.4111178692803051,-0.5730450325336466,-0.21545504320667164,-0.7120312628281551,-0.3249842882202413,-1.0,-0.3520977321845474,-0.8030049248551973,-0.30588775458286743,-0.6062380101919872,-0.06840210766226062,-0.7358194321904447,-0.16646861922508982,-0.9622089056738171,-0.22719457572123863,-0.8305854582057985,-0.22306000714618576,-0.6611787939828654
3,-0.0,0.0,-0.27020490933851327,-0.048414149049058317,-0.4691261436419757,-0.2430180420502386,-0.5264987330780154,-0.4546525772958675,-0.4374710764343129,-0.5615764889302464,-0.4642460237473504,-0.6142662064858334,-0.6002126763979162,-0.8325578808251177,-0.5778148628202981,-0.659352679523802,-0.5104820305123094,-0.5005301273072489,-0.35146669796027386,-0.679370039433966,-0.48938877911223205,-0.9368547973896545,-0.46803416850877744,-0.7171414332298346,-0.3942622198272155,-0.533094069283123,-0.22408997666605882,-0.7248043212579672,-0.34147719179290403,-1.0,-0.3512064556765693,-0.7693290581619538,-0.29513790718888966,-0.5632896203240065,-0.07390359628030008,-0.7492338117199573,-0.17880067101555475,-0.972019598515033,-0.2325684394390889,-0.8176641292981954,-0.22247438959036822,-0.6384155734939474
3,-0.0,0.0,-0.2673816705154833,-0.046106408888201174,-0.46734447681396624,-0.25116264020755974,-0.504195900409258,-0.4669563621114668,-0.4131245832466716,-0.5775751938532577,-0.4663070077172811,-0.5994467530520218,-0.6102111315520851,-0.8032095932487515,-0.5729714434608927,-0.6160183970263613,-0.4997288364954845,-0.45669131991429124,-0.3541265797680195,-0.672038582585933,-0.49944018461137935,-0.9122428618388803,-0.46753254242916814,-0.6798819897626696,-0.3894402992033313,-0.493263378816352,-0.22555014060732087,-0.7216245423905214,-0.3493035318363031,-1.0,-0.3517219462986163,-0.7538555136292148,-0.29307288654805075,-0.5457562293645547,-0.0698147347724335,-0.7466991338870647,-0.1844206174738646,-0.9540645802792643,-0.2296946244316183,-0.7825604231004493,-0.21037921472756738,-0.6034994135213859
3,-0.0,0.0,-0.27960467037623976,-0.04227174190277639,-0.49122047953565445,-0.21202811207720473,-0.5449406249203934,-0.4035003605684937,-0.49001030285552005,-0.5600536025242625,-0.4915668957552927,-0.5826146860978438,-0.6491625313197688,-0.7963394985880748,-0.6177979470396745,-0.6053125749873967,-0.5388865179461843,-0.43109037610769063,-0.38007740350429176,-0.661857671523203,-0.5468474079795553,-0.8958447665362246,-0.5013371540280045,-0.6493266976989346,-0.41062925413427237,-0.4568121342226832,-0.2504250399644495,-0.7252030929952219,-0.3983761366241669,-1.0,-0.38152494527001124,-0.7319939044583123,-0.30910492841937026,-0.5170486155773766,-0.09219152995831999,-0.7631154627431951,-0.22803535615455667,-0.9511422614893664,-0.2511599361072,-0.7486946099648992,-0.20993727083143982,-0.5617279737937624
3,-0.0,0.0,-0.2817784544221927,-0.012917335964042128,-0.5154229934601149,-0.17001782642648217,-0.5863613198469809,-0.35025280707909445,-0.5169371728051801,-0.48706008532931583,-0.5290381189770473,-0.5787684233562082,-0.6954645250473946,-0.7993154930122625,-0.6533409290418242,-0.590682785051209,-0.5619282645542922,-0.41627575730057254,-0.40791568101928055,-0.6623477653448777,-0.5785489219370579,-0.9097558042576659,-0.515125748508937,-0.6297545338952703,-0.4085945309244748,-0.4279414223989702,-0.26726952640459817,-0.729932285383604,-0.4241072602699619,-1.0,-0.3895527414602452,-0.6999201391973129,-0.3041213665857307,-0.48160745173408603,-0.09656036148426628,-0.7737985770948698,-0.24479957800149169,-0.9701059578176828,-0.24765450245049267,-0.7570471617077045,-0.19001048545211752,-0.5784132842854353
3,-0.0,0.0,-0.27949544074177957,0.0020611730819021317,-0.5243220277843704,-0.16908311173081902,-0.5929999002114439,-0.36246895092560627,-0.5384078904429533,-0.522998565202382,-0.5455614825612756,-0.5747131416134461,-0.7129669834728575,-0.789152006289376,-0.6496678322149823,-0.561091666576767,-0.5476635318676103,-0.3908340165702943,-0.4209469832840684,-0.6693062874881333,-0.592247103434884,-0.8997764702630102,-0.5011458827781134,-0.5991927746342884,-0.38439664332873047,-0.4181646187537758,-0.2758810554123155,-0.7450188317187365,-0.4357767089464486,-1.0,-0.36712310941140935,-0.6761442477291361,-0.26849703938141883,-0.47993019520799174,-0.10020279664171054,-0.7961259115819452,-0.24605186240506602,-0.9882759403048675,-0.22941515478014154,-0.7579387527509278,-0.16623795794856305,-0.5944774282331492
3,-0.0,0.0,-0.3165693623944645,0.05081084584193695,-0.6428826299710888,-0.11885257323422245,-0.7379880419616821,-0.3788524730942248,-0.7171320924979931,-0.5683619392053854,-0.6469751438355187,-0.5791364361176252,-0.8107860413534733,-0.7904024503690584,-0.6970747122793649,-0.494163869281026,-0.5985481022950859,-0.35096140538362075,-0.49006417556771115,-0.6973078684247346,-0.6525901635503446,-0.8875763201403924,-0.5230947869479039,-0.5254118942321345,-0.42798399007064686,-0.42409421246552137,-0.31917441940766056,-0.7854837815243783,-0.48831739391135587,-1.0,-0.37778258113866925,-0.6213017991851061,-0.28652452896176267,-0.5010759853799382,-0.11398841455805055,-0.8545976681929199,-0.2745688524362503,-0.9910544751195091,-0.2188345196931446,-0.712666320963241,-0.1454702569563997,-0.6066337457999065
3,-0.0,0.0,-0.3104271562584193,0.07285080099172153,-0.6606086604854593,-0.09166925672911763,-0.7841216632436582,-0.35406272973305947,-0.7838634628674013,-0.5488577969647627,-0.6726385738210349,-0.5519600696502768,-0.8280101183602129,-0.7681089849282542,-0.7015224925407169,-0.4750026255206799,-0.6100207275912535,-0.3304198918343502,-0.508684429434224,-0.68482157000141,-0.6615927230430587,-0.886199102855232,-0.526345141761677,-0.5259031065856955,-0.4492879955392259,-0.42800222729253407,-0.3292300426098314,-0.7812659864231086,-0.48248250668274795,-1.0,-0.3695259344387662,-0.6250028285996275,-0.2974841612926497,-0.5193279904873953,-0.11922397538451064,-0.8533657821256873,-0.270475144780784,-0.9854904927140109,-0.21016408198741954,-0.7128038181936689,-0.14563052435177684,-0.6194226059361331
3,-0.0,0.0,-0.30255592052605745,0.08778148944178742,-0.6504680975027268,-0.07244125526564624,-0.7599574854499193,-0.34478415597513545,-0.7303876640504483,-0.5285073902921265,-0.6596262238436249,-0.5349957144141342,-0.8142345866729096,-0.7594834030291857,-0.6763115022432626,-0.46627424192240374,-0.5913071108998096,-0.3316940586829623,-0.49685924001636356,-0.6665237336850894,-0.6493111094980408,-0.8856151894815426,-0.5053064830843143,-0.5229722304611656,-0.43486270021233236,-0.4222837004964357,-0.3198521893503071,-0.7661264216583847,-0.4721602285133031,-1.0,-0.35255051246761776,-0.6183235595696436,-0.28420544084329175,-0.5008313988507996,-0.1115201259092148,-0.8480389418664964,-0.2580341875822325,-0.9941555472979177,-0.19828980367065357,-0.7129415078820649,-0.13859858698249086,-0.6028306498947953
3,-0.0,0.0,-0.29515898352313735,0.09650196061866434,-0.6654720987678947,-0.06326819579571158,-0.8481617861669682,-0.31799716225345354,-0.915750647126872,-0.49815075178967627,-0.6679380889788327,-0.5386489209239465,-0.812199396331072,-0.7640615465004891,-0.6765505744574064,-0.4771497455444241,-0.594166358906786,-0.3401245843286029,-0.5077097394586496,-0.6717151998376084,-0.6468602283201864,-0.8807895158064399,-0.4989495096815538,-0.5214481991964705,-0.43449486165667806,-0.4238106315076303,-0.33075841714717785,-0.7721779005623182,-0.4670629460134902,-0.9926474966728199,-0.3470510638909512,-0.6216973502534289,-0.28201228321262006,-0.5107445109961946,-0.12268614192702566,-0.8571091652408022,-0.2554863637683655,-1.0,-0.1963256745857024,-0.7245155507474287,-0.14165744853712123,-0.620128092644573
3,-0.0,0.0,-0.2969437421215686,0.0703991967966685,-0.6373366151448637,-0.07484476359831116,-0.7801287751952092,-0.31954095675556016,-0.8118281229748345,-0.5086538965187513,-0.6323555921999658,-0.5447209109292315,-0.7776397930512665,-0.7596971853091175,-0.6608294905768513,-0.4903598777607725,-0.5811318808790733,-0.36357548593457456,-0.47837295313716893,-0.6774266715656156,-0.6178757187366064,-0.872608942671974,-0.4858796621101598,-0.528447613043184,-0.41888780922544483,-0.43652770550638553,-0.3084560492015567,-0.7749251871611342,-0.44663393839941246,-0.9905728367552696,-0.344862096625269,-0.6403806001620324,-0.27551565133909917,-0.5318973002381547,-0.10807023785263926,-0.8539290552152587,-0.24528837782978344,-1.0,-0.20227859433299675,-0.7382416621965668,-0.1446885751896272,-0.6326996433223592
3,-0.0,0.0,-0.2930869171667716,0.08157436591723136,-0.6314426502687329,-0.06532190329567877,-0.715233051727743,-0.3334514566446666,-0.6472748203609276,-0.5311267399798855,-0.6380023803142656,-0.5334953474672529,-0.772090474587991,-0.7527403696635923,-0.6493814646964351,-0.4833907205358864,-0.5749236684475363,-0.34484752545096764,-0.4776273872591678,-0.6716071189877897,-0.6042346583391172,-0.8762894848278715,-0.4727362569380653,-0.5336409145373524,-0.41729161191109027,-0.42966121447460603,-0.30171548441160917,-0.7733075477149568,-0.42714507279457015,-0.9936652895849112,-0.32284641100406447,-0.6401118553871283,-0.26485266299937443,-0.5228139678752571,-0.09810841493773385,-0.8566608641348744,-0.21983674226078806,-1.0,-0.1708988589057828,-0.7372619937622064,-0.12155920276072699,-0.6316831669867319
3,-0.0,0.0,-0.28826122658195297,0.07823606494151454,-0.6388980652073597,-0.05156076993415698,-0.7615511958778906,-0.2972211729313077,-0.70765553732396,-0.5001165342011874,-0.623617894340222,-0.5400579030208016,-0.7639152299928359,-0.7582676452800209,-0.6424125341300916,-0.4957500612294296,-0.5653873928437202,-0.3564929808569521,-0.46184472445992203,-0.676654525258585,-0.589401083008377,-0.8764593173322335,-0.4578619208754275,-0.5394525367522305,-0.39948817643708073,-0.42977297379323076,-0.2832740979015339,-0.7753517789598001,-0.402040175106135,-0.9836581686365995,-0.30307115160731674,-0.6392765266290922,-0.24599834740264426,-0.5179537683644093,-0.0775232425768096,-0.8537030880559945,-0.1975516541788572,-1.0,-0.15401277566502136,-0.7393917803396721,-0.10547663921670669,-0.6263764437889946
3,-0.0,0.0,-0.28405167971970324,0.057624713251371015,-0.6157727987562278,-0.07874012808105428,-0.7244352209457926,-0.3353289992472849,-0.626312024325842,-0.5270543411054159,-0.6067043733646367,-0.5648555951826231,-0.7326227717241957,-0.7819606176147293,-0.6305971988243306,-0.5065517207904704,-0.5625780344576269,-0.3745625963296175,-0.44835369696643845,-0.6872602960679595,-0.5599321436252196,-0.8869717552600451,-0.45205706671087376,-0.5402070676069632,-0.39820451673895124,-0.4446724494306845,-0.2739564851488106,-0.7707116145142597,-0.3796868279329008,-0.9868853573007396,-0.3024793862085857,-0.640246308858143,-0.24594594190950692,-0.5253835076227343,-0.07189717821427291,-0.8401742296617561,-0.18501820555097553,-1.0,-0.15748921705676427,-0.743822956617322,-0.10792109484210903,-0.6286461506983524
3,-0.0,0.0,-0.28847693076299463,0.05457056105284379,-0.6420376704476005,-0.09646332284540213,-0.8026365738101964,-0.3289457354851281,-0.8170233648944627,-0.4975372173682237,-0.6220123294494482,-0.5749035392977335,-0.7308008900983485,-0.7785906564007359,-0.615879051672388,-0.51119136946026,-0.5637028574230987,-0.39921627843725893,-0.4598214243932096,-0.7000479753126491,-0.5456273207332155,-0.8777018870601616,-0.4327578635618048,-0.5405979150299748,-0.4024062249231656,-0.4668585679172631,-0.28616141530728817,-0.7833767694289253,-0.3590525839750476,-0.9931219162571544,-0.277103384271772,-0.6503895958524472,-0.24344031659588297,-0.5444347233445476,-0.08840995625317863,-0.8517737856377675,-0.15808647011950402,-1.0,-0.12659600275610028,-0.7472256960491591,-0.10074305579343548,-0.6393146549698998
3,-0.0,0.0,-0.2837525074487116,0.016441240211170084,-0.6046726588284901,-0.15846674629224045,-0.740476482278568,-0.3894551374817783,-0.7632645153901133,-0.5482602833437561,-0.570459012434976,-0.5944831477743777,-0.6571234066906273,-0.8025347778280529,-0.5719820384694017,-0.5287480054851552,-0.5314196842224096,-0.3986189175846131,-0.40899983276076235,-0.708271667284011,-0.4834875873651759,-0.882710125524264,-0.39567732164810715,-0.5543902306023002,-0.3697694651791311,-0.4761412345392614,-0.2362934040078692,-0.7826395093488923,-0.3089645064354279,-1.0,-0.24419782888088498,-0.6699933961474427,-0.21204476321422508,-0.5615359236995143,-0.04198165365501627,-0.8408910149123782,-0.11689046997143802,-0.9910258002543423,-0.09853660195766567,-0.7508232018635959,-0.0726909814645306,-0.6435243672311036
3,-0.0,0.0,-0.27896349150666966,0.04540974338558507,-0.5983910781018172,-0.14187592455841705,-0.6455429843219098,-0.42822327630770407,-0.5083756946967136,-0.5961756220431781,-0.5737757044889873,-0.5844116906543751,-0.6632928555461769,-0.8139334151067642,-0.5611009449544027,-0.5208778058118794,-0.5171136485039551,-0.3789095514826951,-0.4006638024572005,-0.6951485519079438,-0.475873873315486,-0.9011552498964385,-0.3793196717057756,-0.5543371245080253,-0.3522804353124056,-0.46784778479149886,-0.21863685133293198,-0.7679538310803463,-0.289721835248114,-1.0,-0.22083924185797205,-0.6487737011071687,-0.18963659295627455,-0.5380241869157988,-0.01742020718177082,-0.8298309145745156,-0.0924254013044262,-0.9855806020561207,-0.06757869898092506,-0.7311141608562481,-0.04089117758324854,-0.6271300258064918
3,-0.0,0.0,-0.2818996143272531,0.018564315333938767,-0.581116749596479,-0.15607670612070526,-0.6295240607735816,-0.4500457205034941,-0.5194198034200919,-0.631986634555381,-0.5576819270040299,-0.5708939049587316,-0.6566990274634258,-0.8352290954538745,-0.5555118766375791,-0.5576485212168696,-0.502982591259742,-0.4137869008975268,-0.38664742649813977,-0.6768999220864894,-0.4708573085602797,-0.9099468654547908,-0.3778850689650196,-0.5650177900487355,-0.34956182996076157,-0.47941308053259385,-0.21354589672608507,-0.7449925224938097,-0.28991861159202115,-1.0,-0.2221302494466854,-0.6494051118287524,-0.19694541568274995,-0.545130109998715,-0.020891983636945645,-0.7965629726690672,-0.08943268236169222,-0.976440248022647,-0.06870879264660598,-0.7149470488932056,-0.05154525999482895,-0.6027899331084431
3,-0.0,0.0,-0.28635302099179266,0.025950026699693516,-0.5767251591885089,-0.1989720337537974,-0.6843043103177487,-0.48715722305238074,-0.6878522564606527,-0.6695011252013695,-0.5275951989912452,-0.5841120276510103,-0.6132692428505401,-0.8459795085461456,-0.5193824489901233,-0.5726308789808345,-0.4609730131165049,-0.42063880699487094,-0.36957283855884476,-0.6812510937899654,-0.44247176619594436,-0.9256253674012448,-0.34960493147826555,-0.5808574415860067,-0.30326546787286457,-0.45231622645827446,-0.20646477547577058,-0.7437519351668619,-0.2713378088975046,-1.0,-0.20645741342792653,-0.6411171353696898,-0.16892450156832653,-0.49232720362218363,-0.021005815597108356,-0.785552520989549,-0.08404121176222465,-0.9815836620312409,-0.06780845718401249,-0.7178020486966511,-0.04799185771531396,-0.5764918173292229
3,-0.0,0.0,-0.2812676516375532,0.019563842086470423,-0.5906622690354775,-0.18601268849683547,-0.6848924601542491,-0.4562747105632933,-0.7023332983326824,-0.6327590598078119,-0.5782963868952583,-0.5822071908491421,-0.6644071187173659,-0.8156994382049674,-0.5660948556375327,-0.5313988349071868,-0.5121818174523759,-0.38626330975838896,-0.40824434106571034,-0.6938365790557488,-0.49314326181441437,-0.9128045246849353,-0.390597165057951,-0.5535938128809866,-0.3415595930351195,-0.43831204449869315,-0.23180343136420778,-0.7625032908220685,-0.3104554276394745,-1.0,-0.23355927429401405,-0.6270741517149558,-0.18942193173987681,-0.49202766794536634,-0.02759448550219086,-0.8106751846906877,-0.10996941662492182,-0.9847987884517774,-0.0846720390590663,-0.7151566790995065,-0.05536023901155948,-0.591692505585924
3,-0.0,0.0,-0.30130778700573274,0.06207295188397276,-0.6078732115733255,-0.09542328139546279,-0.6570648978391886,-0.37865264711646823,-0.5682001506688226,-0.5636130199911804,-0.6106400668822578,-0.5418389252290656,-0.7424700806016953,-0.7513349655789112,-0.6290161509628105,-0.4829081226419717,-0.5378812656181097,-0.33792107648586406,-0.45337198049879956,-0.672412752952129,-0.5850980266059091,-0.8712744683717968,-0.45774321377823507,-0.5309299818707433,-0.3713897667695624,-0.4151100617374688,-0.2832273751776177,-0.7624258139791269,-0.40355128252241657,-0.9839327931304817,-0.30460397373707676,-0.6228450071047087,-0.23192004752805134,-0.4876229543338723,-0.08294433521975599,-0.8258174242981038,-0.20533986231564505,-1.0,-0.17033814738595718,-0.7274454591111764,-0.121300192317115,-0.5941948098877946
3,-0.0,0.0,-0.29542387998261943,0.08886024279586283,-0.6209144897010191,-0.06227164865992135,-0.6937680279420754,-0.3523791477393208,-0.6369117043300042,-0.55957705423057,-0.6307035815446768,-0.5313894853799914,-0.7731638588154177,-0.749186705578474,-0.6478437877312061,-0.46772546235774254,-0.5498117649877432,-0.3166354199191054,-0.4707721952640914,-0.667856018845437,-0.6103246659196072,-0.8749145323278991,-0.46905078494910213,-0.520120120680742,-0.38228999377554207,-0.40488161784255405,-0.29826899085840114,-0.7660240120014892,-0.4338479829007094,-0.9981589543906386,-0.31881156881075207,-0.6208701515230008,-0.2429386784329301,-0.48505857851178985,-0.09614772796396442,-0.8420226050033067,-0.22806049718810387,-1.0,-0.17892687296520823,-0.7203961375068472,-0.12252272098264604,-0.5943728784765215
3,-0.0,0.0,-0.2915989753269853,0.08281043971200255,-0.6314205968278022,-0.0467227701867101,-0.7854505308954605,-0.26305936880179803,-0.8469817047011899,-0.42639034690629674,-0.6487939649878902,-0.5079415909500449,-0.7564337053094548,-0.7642742574113519,-0.6469469779694677,-0.48469171586156756,-0.59298676305132,-0.33285681755916086,-0.4759772128875246,-0.6505864082197642,-0.5672928887248928,-0.87458664327379,-0.44462938278469943,-0.5252541638867309,-0.4045926805989314,-0.4171161840479273,-0.2908341120279364,-0.7552082674002103,-0.3859126839934616,-0.995973136950696,-0.2868739049240849,-0.6355701443253597,-0.239264837277443,-0.5022977937585342,-0.08264180720287428,-0.8376373694641378,-0.17776163865163383,-1.0,-0.12982413614129124,-0.7420292226541444,-0.08669930229276135,-0.6263291140823148
3,-0.0,0.0,-0.27663969259224025,0.048018501260926404,-0.6026112416012811,-0.10327573522231315,-0.7393105306866763,-0.3444658293363834,-0.7450435333178423,-0.5367275679377521,-0.5681174282314585,-0.5478915508982583,-0.641316435530863,-0.7788993273598713,-0.5380840691367442,-0.5304286169509886,-0.49034531167000955,-0.38723224668427114,-0.40932699376120096,-0.6703525714930306,-0.47117940859919205,-0.8933518185537342,-0.3675702383792891,-0.5704953990054725,-0.3429304317210897,-0.4409182517639194,-0.2474517286005466,-0.7544388626881262,-0.2943477643851767,-0.9955433330711896,-0.21735034579585624,-0.6759019249595998,-0.19364467696275323,-0.5302338285325748,-0.06665023998037115,-0.8156497307679483,-0.10760857077952424,-1.0,-0.07355279000063346,-0.759337238161628,-0.057876926543230366,-0.6217794839154002
3,-0.0,0.0,-0.2714514198255028,0.03383056297789732,-0.5637738082005749,-0.15354700506675706,-0.6335822393327376,-0.45105789463258306,-0.5844541474443912,-0.6468749449744021,-0.5480535451341965,-0.5547576232463342,-0.5987526866248178,-0.8132058408571667,-0.4992763102145118,-0.5633800656565434,-0.4656060092905219,-0.41503346106608796,-0.3786424538445285,-0.6703763090589743,-0.42525353732056154,-0.9094705794635665,-0.3289484924636941,-0.5850873201213205,-0.3185495486250204,-0.46136212566085744,-0.21459773399085255,-0.7425760151122303,-0.25943898789216746,-1.0,-0.18333473419334675,-0.6678570996227445,-0.17699554457733738,-0.5228275068561895,-0.04035278148894866,-0.7864939394806464,-0.06543685372435257,-0.9643351587158346,-0.03753553965804893,-0.7140887816012009,-0.04454800185546316,-0.5793254522003636
3,-0.0,0.0,-0.2777996225506888,0.035988445915501786,-0.5693265279754838,-0.1281990261541143,-0.6857838370174612,-0.3884922634520742,-0.6696153091761425,-0.5941144910667446,-0.5611863501031695,-0.5495484124054232,-0.6493214166531817,-0.7875661979349634,-0.5379189132114776,-0.5503904190787905,-0.4814229175297223,-0.40195061333740273,-0.40908004991623187,-0.6720869753041159,-0.48117422985888697,-0.896740510902476,-0.3627937928918866,-0.5813254067181552,-0.3305050281427647,-0.454487177941666,-0.24891980060170077,-0.7557543859300784,-0.30756179998533545,-1.0,-0.21747311343774292,-0.6702011469841284,-0.1936763908958897,-0.5277559408839553,-0.06663074511421267,-0.8086911767146082,-0.10779139110933422,-0.9938268444548323,-0.07285325526984562,-0.7392621457370735,-0.06625764269616295,-0.59356329367142
3,-0.0,0.0,-0.28785190606021394,0.06150470844247311,-0.6326449532428087,-0.13854422782584638,-0.7734579497637226,-0.38652720573907895,-0.8454851458345418,-0.5267580242836936,-0.6334999248850592,-0.5481156561847857,-0.7333898554669547,-0.7793134940644323,-0.6155691704484436,-0.48466569389099856,-0.5545298771536048,-0.33605784891633683,-0.4584998133282166,-0.6777168925320874,-0.5459172426718311,-0.8835218643974517,-0.4226375607427008,-0.5271100976791715,-0.38091723523470816,-0.4266393278030888,-0.2743705591080212,-0.7655234321429475,-0.3604115257555001,-0.9906869372886927,-0.26347599222374435,-0.6261054911252814,-0.22355262433753828,-0.5013767601810493,-0.06805123582670314,-0.8414711818926882,-0.15490195640953558,-1.0,-0.10899795181636851,-0.7389082006178762,-0.0781009455557985,-0.6265886066252865
3,-0.0,0.0,-0.3069825150733713,0.07591918205731456,-0.6440452488129947,-0.03936508078824304,-0.7532168279960559,-0.28333495173727324,-0.6948657475893453,-0.49162890235148354,-0.6615387411080178,-0.5157685512119977,-0.8117584344395504,-0.7299491159391761,-0.6886248190903246,-0.4613930607375391,-0.5926365209113132,-0.31219996652185356,-0.5013879981885617,-0.6589115631772731,-0.6438145361919817,-0.8554601439944552,-0.5026629215758809,-0.5197076369960256,-0.4157836892260969,-0.4117616685789984,-0.32431277938982195,-0.7629919344244604,-0.4619265336405339,-0.9869988394722877,-0.35091998058555696,-0.6290779076174471,-0.2739848464556273,-0.4973558908689276,-0.11430761677464876,-0.8494730634209142,-0.2451948412914111,-1.0,-0.19914685963058282,-0.7279644430383587,-0.14447453279293318,-0.5994495078384253
3,-0.0,0.0,-0.3108125438915201,0.08588427782101461,-0.6326550574744939,-0.023524687412674845,-0.7059306193765217,-0.2950875552047946,-0.6593258053195777,-0.5152831249095804,-0.6682883500684995,-0.5010304519295926,-0.8330680755212297,-0.713299121529566,-0.7042953570933165,-0.43814482746461325,-0.5922898735867866,-0.2831760316534996,-0.5074876125581252,-0.6469070863968672,-0.6683775520481072,-0.8472854863468239,-0.5194606436116046,-0.5037968403982562,-0.41956843470411065,-0.38528540889889573,-0.3340523968241841,-0.7567464431314436,-0.49625009530040015,-0.9833173781477209,-0.37239846009044664,-0.6185927035195897,-0.2844424099380022,-0.4812965266214372,-0.1274063501987602,-0.8437751308262156,-0.2803990162341967,-1.0,-0.2250383999225843,-0.7283230535029126,-0.1603062622768451,-0.6006160894125865
3,-0.0,0.0,-0.3119805603951606,0.09693352696699058,-0.6540169083064286,-0.0003740624257973992,-0.7388684757135904,-0.27174702218061786,-0.662887922851037,-0.48618083290434566,-0.6994938259156269,-0.5059402311585954,-0.8574524277336216,-0.7027352437508891,-0.7249329811953598,-0.428336572639756,-0.619940249305331,-0.28595146501506263,-0.5361379398422021,-0.6569590762010529,-0.6935381015535831,-0.8631795203475408,-0.54368629704049,-0.5089691952316542,-0.44753547643997343,-0.38327754353461774,-0.3555697039223142,-0.7694412739967038,-0.5126298711359223,-0.9970606568330762,-0.38490338832079524,-0.6165897798612665,-0.29847750600853823,-0.4725584551718282,-0.1398966081183359,-0.8611070261934431,-0.28389044096738536,-1.0,-0.22841741121067657,-0.7174412897467006,-0.16775578465714056,-0.5919401787727363
3,-0.0,0.0,-0.3350903333759519,0.12731938811805787,-0.6915676713850188,0.04234863642048576,-0.8608570060928302,-0.20515495451367272,-0.8819293358505,-0.4355493946362609,-0.6660405975007865,-0.4421867439049924,-0.8358814188710165,-0.6710564087592665,-0.7171835823500579,-0.44040860876602506,-0.593220319792588,-0.2737917024773004,-0.5230508708995155,-0.594319112548917,-0.6965171161184257,-0.8275150561432931,-0.5495180501271067,-0.5256713034977771,-0.42654601778204815,-0.353447209696968,-0.36187096814650666,-0.7190799056445688,-0.5293995867508029,-0.9716933706286495,-0.4017043829428624,-0.6337161805071936,-0.2925884094434862,-0.4435032746044747,-0.16608431927977166,-0.8261191817373258,-0.32066954940090714,-1.0,-0.26403887162275386,-0.7403464576475314,-0.1884812795884091,-0.5739264735545946
3,-0.0,0.0,-0.29644905565988444,0.11087477545451285,-0.6661509124621191,-0.013510537831525027,-0.8383801417026825,-0.2782671957284435,-0.8409850158372515,-0.5005344275631125,-0.6749375524619101,-0.4967877732285165,-0.8006013111785745,-0.7376179598699891,-0.6599230636512373,-0.4687688671853875,-0.5788986350183988,-0.3246630620090375,-0.5168306081974909,-0.6452532467691856,-0.6308531180536591,-0.8707934762701731,-0.47975078152954365,-0.5209936718297249,-0.4149750253396816,-0.3942853663447696,-0.34141698406757376,-0.7515873476501379,-0.4517921317091761,-0.9938726310139333,-0.3294932198288739,-0.6264317682208365,-0.2670698317362795,-0.47817992318083813,-0.13753700591184015,-0.8395020476426396,-0.23542834691843262,-1.0,-0.1809380349867741,-0.7255937949867931,-0.13742148182641442,-0.5920619671510945
3,-0.0,0.0,-0.2821888474586736,0.05167792371733083,-0.6149406046219655,-0.10343748820839666,-0.6943542660734561,-0.4452895331725673,-0.5381966479258784,-0.6686449689730757,-0.6869242696066493,-0.4854293515733,-0.8489204036758929,-0.6804202784705047,-0.6970275726277009,-0.47560776067590327,-0.6009226608031668,-0.39873731223479614,-0.5442222001159436,-0.6398861488537704,-0.7021529323787995,-0.8427811375509826,-0.55153839689079,-0.5613993503040947,-0.4646642951965725,-0.4959184758559418,-0.38220745675268675,-0.7503133564991887,-0.5238514549552177,-0.9685940292466065,-0.3977732307449549,-0.630063700385221,-0.3033048219510773,-0.5190363644471582,-0.18944724393782952,-0.856800281969395,-0.3257836485193176,-1.0,-0.2692903770225816,-0.7598493762027435,-0.20362400993410423,-0.658026179932149
3,-0.0,0.0,-0.288193711662947,0.03584452746805149,-0.5930157940802379,-0.12669745107375946,-0.6113938824877295,-0.4654209462298603,-0.434246711305259,-0.6588121839213492,-0.677222040106046,-0.5128189849731545,-0.8209700299355492,-0.7406802356859977,-0.6883490904370233,-0.5578844102810143,-0.5964971990264979,-0.4321338106856843,-0.5308063297210223,-0.6531005092975698,-0.6462084471034741,-0.8704601055960914,-0.5112685457278264,-0.6226159785737504,-0.43875112453638365,-0.49087363276209145,-0.3711219056682472,-0.7483196133741312,-0.45683214129757804,-0.9728296211683982,-0.3589540742689419,-0.6941108207746152,-0.29072972473135195,-0.5371666680117888,-0.18547024295137418,-0.8279140367383182,-0.27092247271448444,-1.0,-0.2204311110599774,-0.7927180870783965,-0.16880254884038168,-0.6514257464268549
3,-0.0,0.0,-0.28604742358710106,0.019507985535734334,-0.5948186132650053,-0.17411534070876916,-0.6040174380650571,-0.5218500217196879,-0.4078452645533514,-0.6865636998986677,-0.6548590533489194,-0.5225466568085537,-0.7801561205340785,-0.782583210087251,-0.6226096639668057,-0.5589694836221909,-0.5544437552927233,-0.45080347109015523,-0.5031764010811612,-0.6506087059558681,-0.6049374464334903,-0.8879884107113113,-0.46997246269316106,-0.6059767734276594,-0.4275075420937464,-0.5230310125355763,-0.34168283087196544,-0.7387392604385308,-0.40983441973735424,-1.0,-0.3112703110160164,-0.6684673170430036,-0.27010428361341016,-0.5354513222100941,-0.16051529910264367,-0.8179232390588991,-0.22409572178405618,-0.9904607256822701,-0.18296199263127821,-0.7421813647832001,-0.15616711279689705,-0.6110067242517054
3,-0.0,0.0,-0.30070995054510924,0.029534588623410647,-0.5940702993297802,-0.13411788130759625,-0.6111679135549952,-0.47160880392282867,-0.4322097492693975,-0.6411458831042608,-0.6313316943818937,-0.4880531461108505,-0.7973363764977893,-0.6967289450455709,-0.6768005269461397,-0.49954350868349034,-0.5832289635249787,-0.4037402654308882,-0.4863675660755365,-0.6196521676012363,-0.6257186158890277,-0.8378923086707046,-0.513243367474178,-0.5937803307847289,-0.41850077563568333,-0.4849872292308937,-0.3296447075808524,-0.7172385072234506,-0.445969832616521,-0.9595961899789668,-0.3791442152960884,-0.68807725258154,-0.29370409074155035,-0.5446524089989055,-0.1449565950342668,-0.8112675608480283,-0.2668699096307015,-1.0,-0.25740512322435366,-0.7969065637857548,-0.2025563680205691,-0.6541227558757025
3,-0.0,0.0,-0.341307897383101,0.09063825606645505,-0.7076470643160139,-0.021221479349106204,-0.821657811866312,-0.35487457875927786,-0.6777038062176978,-0.6313990936397674,-0.8140855265321267,-0.4823457460218353,-0.9900156662372898,-0.6397124703492406,-0.8235948797913658,-0.40394696619397313,-0.722971681012837,-0.30122208017914476,-0.6624222219425566,-0.6553253230780848,-0.8359072269704485,-0.8196190493975664,-0.6535005048190223,-0.516841509561114,-0.5461551140176489,-0.42391400985442457,-0.47860679693040803,-0.7873989296294056,-0.6552613833949251,-0.9644050828597399,-0.4934064992759592,-0.6111848165377656,-0.3770859052986308,-0.4766640454779623,-0.25492518245137846,-0.9079881571527801,-0.43287094454947694,-1.0,-0.3452366356927956,-0.7404996794896517,-0.24872049589588427,-0.6256497997165543
3,-0.0,0.0,-0.2967882618133179,0.08424003911272182,-0.6524235333412152,9.75476900902082e-06,-0.7703237685872246,-0.3180757040309437,-0.6388339695393681,-0.5846624206108124,-0.7283909430481468,-0.44715022227216666,-0.924597781609451,-0.5996576466268594,-0.7597880327713415,-0.36708893110752916,-0.6531063671718467,-0.29118882930675977,-0.5940927460025932,-0.6131479068801946,-0.7876468726795843,-0.7758116065363195,-0.6066412808557976,-0.47479543273911184,-0.4956146460443046,-0.4079454154341516,-0.4355424373421922,-0.7470637169805946,-0.6211259422619124,-0.9171964481715466,-0.4574465760565683,-0.5651842929489799,-0.3370465837043072,-0.4427082906562189,-0.24081959179023033,-0.8826243762312957,-0.42798678345856506,-1.0,-0.3457923194070349,-0.7330061193616947,-0.2483761236030683,-0.6023329895752735
3,-0.0,0.0,-0.3159355085278094,0.06562498642822992,-0.6599146370207882,-0.04010611051428224,-0.7830914301033113,-0.3297158397066366,-0.6667486895098804,-0.5959011872485768,-0.7657260788422126,-0.46712019080625594,-0.9617626481987942,-0.6258550215154505,-0.8129305705749811,-0.4104032207439028,-0.7003316644497797,-0.31526343447312516,-0.6235545324579492,-0.638435015995935,-0.8158812214474633,-0.8012992181475985,-0.6496522073521683,-0.524250137494369,-0.5362601176312197,-0.44834633656963296,-0.45048337216340134,-0.7720094629290308,-0.6387262908579372,-0.9571165624552131,-0.4944099112810922,-0.6211271103362206,-0.37441384758793617,-0.4987498178915214,-0.24033571525301137,-0.8943749109198363,-0.4201353149894328,-1.0,-0.3488969457496375,-0.7460110840399538,-0.25399888504207346,-0.6306504460818744
3,-0.0,0.0,-0.30233678124355357,0.08493604120755487,-0.6580262898967052,-0.06390891100035684,-0.7278759347974603,-0.423094231896096,-0.5509038773596162,-0.6458638506977099,-0.7529621904130056,-0.46195699342423696,-0.9113547800401866,-0.6562768306901344,-0.7667325753424508,-0.450499426546101,-0.6835549921002774,-0.36441172692667995,-0.6065113648385513,-0.6265091192599567,-0.7473371896136235,-0.8336431890724189,-0.6049281314355971,-0.5634785236627159,-0.5315682397349742,-0.4740166092420999,-0.4369172846880226,-0.7424368858118717,-0.5505737097013198,-0.9603994316073318,-0.4415568072001764,-0.6453639399544343,-0.36759587149735873,-0.517860937475162,-0.2349669567403627,-0.8514855808822146,-0.34979312904110504,-1.0,-0.300550915890931,-0.7634525049164285,-0.2467192443892967,-0.6379542614558767
3,-0.0,0.0,-0.2898688202449056,0.08422897596085667,-0.6253077225355529,-0.07123682496211733,-0.6910973704342711,-0.43346069283089245,-0.5261479321520263,-0.6493489060387355,-0.7156257387818206,-0.4597982361085701,-0.9018435997168407,-0.6897882875617183,-0.7371736234186478,-0.5094430420919211,-0.6246539513684519,-0.4078775969833428,-0.5710266455676755,-0.6150160519932526,-0.7348858823316823,-0.8491328309623893,-0.58118112492442,-0.602976036967591,-0.49746410733005636,-0.5125429383429086,-0.4104782339001876,-0.7314506067181296,-0.5260779833836701,-0.9728394761536738,-0.40140654482312915,-0.6505418656285825,-0.32207714699625417,-0.512877026984153,-0.22152046305418474,-0.8396901635960129,-0.3195061966697891,-1.0,-0.26733832195735974,-0.7491831191304968,-0.22034982045233703,-0.6132541757541081
3,-0.0,0.0,-0.31693191963258505,0.05856531463125052,-0.6452175313618834,-0.12218939540363181,-0.7118137891045642,-0.4773539129874552,-0.5444170785358625,-0.6834330102806233,-0.6832145125217439,-0.5333140053934157,-0.8551715124573175,-0.7538734111973199,-0.7090386650836163,-0.5250285777397354,-0.6071853917589346,-0.42128834525222963,-0.526045595530644,-0.6684245888210877,-0.678286716183008,-0.8880822081711167,-0.5396321248768994,-0.5825454896871635,-0.4530755354299546,-0.4866521246928238,-0.3524876899430286,-0.7639095820563088,-0.4890540353977414,-0.9913449485048458,-0.3848984362776228,-0.6357064362039926,-0.29855565066129164,-0.49518697480925167,-0.1489041978444745,-0.8536687191098103,-0.29081563906452773,-1.0,-0.2485689961436158,-0.7412905541596487,-0.18192368224866776,-0.6150871137863434
3,0.0,0.0,-0.2022051512840082,-0.1162922025016067,-0.37519659270489786,-0.37956431193820644,-0.3596472494800071,-0.6271158594432936,-0.19990105300932584,-0.7191198530232347,-0.27142663239150905,-0.7303861581599601,-0.35018052577851855,-0.9502736750381762,-0.3388453904361286,-0.7091430432332946,-0.29377888467791785,-0.6063586971927201,-0.13981899512326568,-0.755793357728072,-0.21843737011779463,-1.0,-0.22095352825847656,-0.7106430276322574,-0.17160055718194286,-0.624171440334172,0.003507770066271921,-0.7327290983764283,-0.07155585324857508,-0.9585772111043114,-0.0907143554318992,-0.6495816387286718,-0.04820927581270159,-0.5391335776520032,0.16257209053685348,-0.6660811815147486,0.07810529007968953,-0.8505584136037047,0.03226551551717724,-0.6444850618818535,0.053048096391419386,-0.5276380764984904
3,0.0,0.0,-0.20978173954683846,-0.12429378850960836,-0.38166271340634395,-0.37326567423955354,-0.36672435779749635,-0.6272372535133813,-0.19543591294834423,-0.7080008260867904,-0.30467626556114097,-0.693925501862588,-0.3750414211184077,-0.9374285260111884,-0.3537231162609579,-0.7161968640126104,-0.31176906146433936,-0.5791157162728765,-0.16639109207796074,-0.7194162810722086,-0.2338410218903091,-1.0,-0.2327265974042813,-0.7365490889618753,-0.19579913068378782,-0.5989059870484426,-0.01886877917083591,-0.7059465084739717,-0.07639052163077685,-0.9561275157534722,-0.09625029353966441,-0.6685677798124828,-0.07196085062026576,-0.5055219428949812,0.1418536532612522,-0.6509215694573235,0.07489603493911148,-0.8557139486226673,0.028039673115362113,-0.669816252309214,0.03277438474157115,-0.5238935978698398
3,0.0,0.0,-0.2235781538842479,-0.18949690142814257,-0.3521650149987799,-0.46756183505490734,-0.27965016893431405,-0.702142687510882,-0.1137578811785647,-0.7445459026691393,-0.2548118104734375,-0.70824228934007,-0.286967835677529,-0.9353985252424746,-0.26994014534590294,-0.7624189995652102,-0.24062479073084223,-0.6273073506924788,-0.1142587225018285,-0.7347709382673543,-0.14261394613767125,-0.9916292990214125,-0.131484501914088,-0.7715584063890262,-0.10106750545283967,-0.6079204925832561,0.030006575747350182,-0.7237542584742371,0.009944829708396802,-1.0,-0.004845603869531685,-0.7871394976364222,0.009002861250424255,-0.589732752873092,0.18085154131532588,-0.6787766692614681,0.19673094217425632,-0.9448171644972363,0.14092835963360054,-0.8709548945544776,0.10125775459624486,-0.7300292135660967
3,0.0,0.0,-0.23024506385389878,-0.18395766137819813,-0.3836739419430763,-0.46771673277252324,-0.3128347971058711,-0.70869192128318,-0.13350817787560476,-0.7400917491173779,-0.2837084023449418,-0.7454954942684043,-0.30643932789957723,-0.9629034454953581,-0.29859665802205465,-0.7678098984439699,-0.28245570544392623,-0.6434453046680905,-0.13472028505426492,-0.7668849158784814,-0.14602738307980648,-1.0,-0.1539471461883799,-0.7647103691757835,-0.14201226953754958,-0.6388775988318878,0.010881995597785818,-0.7482968661465371,0.012117802815673626,-0.9817709922416423,-0.01918000588414767,-0.7690015745543303,-0.023255731595693677,-0.6311610567493353,0.16024727040927517,-0.689265925336704,0.16350629821732118,-0.9079658692193697,0.10911280129015385,-0.7913798598701128,0.08091997014339886,-0.6780015963474698
3,0.0,0.0,-0.22841314665064336,-0.15524461967756886,-0.39183372969101954,-0.39247621335750643,-0.3712351931827222,-0.6263810808169522,-0.20259518762197026,-0.699104492555081,-0.269494476952134,-0.7066698572968847,-0.3325505023249778,-0.9595622693415882,-0.3448637894770741,-0.7461843564633299,-0.31041207754506833,-0.6071944141226518,-0.1401395576555755,-0.7271435638521152,-0.20315158166565245,-1.0,-0.21801383906629107,-0.7354103995945498,-0.17401885330854377,-0.5792399976213756,-0.0028817704107734466,-0.721714018882005,-0.06747082877045046,-0.9850546820558775,-0.09360429032418004,-0.716324330218749,-0.05342259658099846,-0.5325441890859721,0.149113284856373,-0.6807218072826401,0.09168783966541108,-0.935168216731582,0.03451317035717469,-0.7880690304857703,0.04287247273151054,-0.6358734182825343
3,0.0,0.0,-0.22261943173807358,-0.1286053062578308,-0.4023526457635002,-0.3701818983559813,-0.38507212465957114,-0.6093646499397067,-0.22946346576790336,-0.7309302632176968,-0.2824046033683639,-0.707347557663787,-0.38169048043458853,-0.9271778823512726,-0.3682944502805466,-0.7071628581936779,-0.3120891605264032,-0.58043404053138,-0.15015792932876088,-0.7412768180890729,-0.25018195960013373,-0.9952090955947082,-0.24363778016379264,-0.7091018802921797,-0.18057661047139625,-0.5617413582083443,-0.0058779881102536576,-0.7474186395610792,-0.1004494353772656,-1.0,-0.11038855546641128,-0.6960604215467243,-0.05639023097748568,-0.5131481525056756,0.15708029140612384,-0.7176804131852857,0.07990186108085615,-0.9711397407825133,0.03133218602621185,-0.8006335224058508,0.04952282746845362,-0.6507985753965478
